Employee Id,Username
1,sutach.rua
2,abeamtwo.bra
7,thanat.lik
8,jadedilok.tre
10,watcharin.mod
20,nutchata.lim
21,nutchata.jam
22,suranun.hom
30,panrawi.jin
33,puntawun.nue
34,nutsara.tha
35,vanna.suk
37,napasin.ben
40,manassanan.suw
43,phiphat.waj
45,lalita.eam
46,nippitch.rue
48,jaluwat.noo
51,apichaya.nak
52,phonthip.art
53,wuthikai.suk
54,paveena.won
59,natsai.jun
62,pachcharapong.nga
63,rangsan.jit
67,nipatta.sre
69,nattawut.won
73,nattapat.rus
74,arnon.cha
75,norawit.tua
76,anusara.suk
78,tirayu.gak
79,tawanrad.kai
82,risa.par
83,kanchaphorn.pae
84,natthaya.kha
86,wanna.yod
94,kittiwate.tha
98,teerasak.see
99,primchai.cho
100,thoetsak.pho
101,naratip.sri
104,sirinapha.klo
105,kanokporn.che
106,nuttcharlie.jir
114,kitpakorn.pin
115,phu.cha
117,matika.cho
118,kittichai.won
120,nattapong.chu
121,chakrin.nua
122,watchara.cho
123,thipparat.lhe
124,chanatip.kit
125,sansanee.pra
126,seksan.run
128,nutthorn.gos
131,thotsaphon.cho
134,thanaporn.kae
138,monrudee.jan
143,pisit.but
144,korn.kru
145,chanon.non
148,tonsak.iam
152,siwapoom.dan
154,thongchai.pha
155,patthama.yen
157,sudarat.the
162,voranant.tun
165,rachain.khi
167,rapeepong.suk
168,akapote.suk
169,boonyakorn.ang
170,sittiporn.won
171,jakree.kot
172,jaturong.boo
175,sutinee.sri
176,natthanan.yoo
178,vanichaya.nia
181,wutthipong.kru
182,surangrat.che
183,natchapong.won
184,tanatorn.sat
185,voranoot.sar
190,adchariya.jae
192,nopparat.kom
195,jittapu.mul
198,santi.tho
199,varut.tie
201,nitiwat.kot
204,chutimant.kor
207,nunnapatsorn.set
209,thanatkris.jir
211,sittikorn.phu
213,jutipong.tho
219,phitinan.sir
221,piyatat.kul
222,tananan.boo
223,nuttapon.roi
224,panomporn.cha
225,tunyaporn.ple
226,sangdaw.kun
227,titaporn.num
228,jittima.pee
231,thanan.lim
244,santi.rit
246,sasiwan.aoo
248,saowaluk.suk
249,chanunthipatch.sin
250,natthapon.man
252,amnat.sae
255,ka.mol
256,lalita.pho
257,natthawut.kon
258,sakkan.cha
260,natthachai.kha
263,supaloek.nor
264,attawit.wac
265,pornpech.pra
269,sittichai.wan
271,naraphat.yok
273,rueangsak.khu
275,chaiwat.nan
277,phassawat.aua
278,tanawat.won
279,sila.suw
281,jetpol.pou
282,thipthunya.rat
285,suttipoj.jan
286,kittithouch.uth
287,nattha.pha
288,jittranut.sat
290,sarawut.jan
292,isayaporn.tho
293,montinee.ruk
294,wasinee.won
295,sudarat.dan
296,sirikwan.pon
297,eakawat.von
298,pattanai.yod
300,aunchulee.won
301,pipatthapong.kua
302,punnada.kos
304,varakorn.rom
305,tawatchai.yim
307,suwicha.lek
309,somruedi.nuk
310,chonlathit.yae
312,kanok-on.lop
314,ananya.roe
315,thidarat.kot
318,wannisa.sir
319,nisanat.son
320,patiphan.imc
321,apiwat.rod
324,anon.suw
332,ponchanok.won
333,warongporn.von
335,kornwipa.sup
336,rungtawan.won
338,tipchuta.sap
339,wasana.sri
340,panuphon.sae
341,patiphon.lua
342,suwanan.boo
344,songpow.nga
345,nattakit.phu
346,pathompong.tho
348,korn.suw
349,pornpawee.poo
350,pornnapa.pak
352,thitima.ham
353,mayura.sat
354,gawalee.rat
355,chonnikan.law
356,panatda.pra
359,pinyada.ler
363,kunlayajai.sim
367,theeraphan.lee
368,rungruethai.wat
370,jariya.won
373,nuttawe.jir
374,pantakarn.sam
375,kanjana.nim
376,ingfah.sin
377,preechawut.boo
378,kanpichcha.tho
379,pagarmart.too
380,pakphum.sir
381,marisa.mag
382,tinnapob.sor
383,benjawan.boo
384,aree.sra
386,charita.kon
388,oratai.suk
390,aphisara.aup
391,maneerat.ngo
393,tawatchai.rak
395,wasana.tam
396,chanita.suw
400,thitisuda.sum
401,suwarin.tul
403,nittaya.rue
404,rungarun.jin
405,montree.phi
406,annop.amp
407,suputtra.koy
408,woradon.sam
409,preecha.gli
411,thitiyaporn.vor
412,phanuwat.pho
413,nichapa.pay
414,pattama.pan
417,aumaporn.jun
418,wunnipha.pha
419,phasawat.khe
420,arraya.mal
422,phirawat.law
423,chokwan.won
424,juthamard.boo
426,napassanan.jiw
427,chutimon.saw
428,setthakon.cha
430,suraset.lap
431,ratiyaporn.pit
432,parinda.sup
433,tanaphorn.kit
435,waranya.pom
436,nisita.hom
437,weerakorn.boo
438,wilawan.sin
439,karnjana.bua
440,sayforn.kha
441,boonsita.nge
442,kamphon.yim
443,airin.dai
444,jidapa.nee
445,thananuch.pha
446,wisarud.aks
449,traipop.cha
451,kanyapak.non
452,sarintra.kow
453,sudaporn.thi
454,nakarin.son
455,pennapha.tan
456,jittra.mut
457,ananpat.tan
458,duenraka.chu
459,timphika.mah
460,kunanya.nak
461,duangporn.sor
462,parichut.man
463,ploypailin.sri
465,pattarapong.mis
466,anuruk.sit
467,siripetch.sun
468,banthita.suk
470,kaskanok.mat
471,bunyaporn.pas
472,nittaya.pre
475,sineeluck.hor
476,sorasak.say
478,jarinya.sar
479,krohchakorn.wet
480,krittiyaporn.sur
481,fah.pra
482,pattamawadee.cha
483,sutthida.phu
484,suchada.dua
485,jaruwan.jar
486,patchara.boo
487,kannika.kae
488,nannaphat.sri
489,sarawut.koe
490,kunyapuk.soo
492,vanida.mun
493,kanyarat.cho
494,sankiad.mun
495,inthira.sat
496,arisara.fee
498,areeya.sut
501,rungkarn.tho
502,kesorn.pum
503,krirat.suk
504,wiradee.kar
505,karin.rom
506,piyaporn.kho
508,goonnaree.kin
512,patcharaporn.suk
513,kanokwan.tho
517,bulakorn.vis
518,ratchakorn.cha
520,prathan.khe
521,sathit.khu
525,kanlayanee.soo
527,chinnawut.rue
528,suthichai.thu
529,wichuda.ton
530,aon.hom
531,songpon.nak
532,chaipat.kon
533,yothin.oat
534,piyawich.wor
535,natakorn.tec
536,nathaphon.ta-
537,krittanon.pha
538,napadon.yut
540,jirawan.jiv
541,kittituch.chu
543,meawadee.jum
545,kittipong.nai
548,siritep.nar
550,wichaya.cha
551,veeraphon.pao
552,supasak.ung
553,wacharakorn.odt
554,pramin.pan
555,mongkolchai.sri
556,rojsak.kin
558,theerawat.cho
561,rungtiwa.thi
564,jirapat.kho
566,suwimon.pho
567,rungtiwa.rom
568,nisarat.hon
569,pratthana.nin
570,intrira.rua
571,sompong.mon
572,sippakawit.bum
573,sirinat.aut
574,sarawut.cha
575,kiettikul.sin
576,somchai.dae
577,adisak.sae
578,sorasak.dun
579,apiwat.pae
580,kowit.sri
582,narongsak.nan
583,aongard.sri
584,pornpet.cha
585,pakawt.kwa
586,akkarawin.kan
587,kittinun.chi
588,suphamet.cho
589,kittiphich.nao
590,tanin.son
592,korawit.kar
593,supawadee.bua
595,panutep.san
596,chalotorn.sid
597,nuthakit.yan
598,thitima.sir
599,jessada.lar
600,tuangrat.sae
602,burin.kha
606,veerachan.jai
607,surasak.vir
608,phachinee.kor
609,natthaphon.due
610,santhiphong.cha
611,nithiplut.sri
612,werayut.chi
613,chiradet.phu
614,somchok.noy
615,supot.kha
616,rungrut.kha
617,ritthichai.pra
618,kamonwan.sau
619,chanwit.won
621,prompiriya.sir
623,phonlakrit.kit
626,kusuma.sur
627,sutikarn.ton
628,chainarong.kae
629,netrada.me-
630,chatchai.uph
631,wongsakorn.pra
632,adul.pha
633,anuphap.sut
634,pornmanus.sap
637,chakkatham.pan
639,jaruwan.kan
640,somjai.sue
643,nopporn.kan
644,khomkrit.rue
645,natthaphong.mue
646,tharadon.pre
647,teerapong.yum
648,noppharat.tho
649,pakamas.cha
650,paiboon.pra
651,phawida.dee
652,ruethaiphon.kha
653,wanrinee.tha
654,wichan.tha
655,wimonwan.sri
656,sasipim.man
657,siriphong.dae
658,aphiwat.sar
659,amphon.noi
660,pradit.sue
661,tawatchai.kan
662,suchada.tre
663,treerayut.cha
664,sudtida.jun
665,thamon.vic
667,nicha.amn
668,pitchaya.phe
669,ritthikiat.won
670,meathawin.wan
671,pongphon.ead
672,maythawee.chu
673,suthatn.mic
674,chinnawat.kum
675,rattanan.hem
676,wanida.son
677,phimchanok.bun
678,janjira.mat
679,amorntep.wis
680,chairat.pra
681,kasem.man
682,weeraphat.ser
683,supaporn.sri
684,chamaiporn.cha
685,saranrat.nac
686,jiraporn.pib
687,phonphimon.sae
688,rattikan.rae
689,benjamart.kun
690,krittapol.pae
691,witsarut.pan
692,surawut.aem
693,pornphan.thi
694,chavisa.som
695,matiwan.thi
696,ranthika.sri
702,supaporn.tha
703,nichapa.dua
704,supaporn.tha
705,da-rin.cha
706,sasima.sae
707,thanapon.chu
708,khanittha.kap
709,yanisa.kai
710,duangruthai.cha
711,thepprasit.loo
712,tanakit.jan
713,narinthip.tha
714,pannawat.mah
715,phatsita.ari
716,rapeeporn.sor
717,rungthiwaporn.sai
718,likhit.pra
719,sirinya.jan
720,anusorn.tha
721,sirinakhon.sun
722,sophita.wan
723,kanthicha.sri
724,kasanee.pan
725,jatupron.cha
726,chadaporn.wan
727,nuttapoom.sri
728,duangdarin.var
729,nittaya.kla
730,benjaphorn.boo
731,phannika.phu
732,pisit.pra
733,phuttiphong.kul
734,matas.yan
735,wongsiri.saw
736,warangkhana.kho
737,wanlapa.woo
738,sman.muc
739,subin.hae
740,supawadee.sri
741,hattaya.pak
742,oanyaphat.cho
743,aubpatham.enn
744,montree.hon
745,jiratchaya.kum
746,anucha.are
747,preeyanat.sri
748,chanyanuch.tan
749,nipaporn.suk
750,noppamat.jan
751,chanasilthong.rat
752,thunyaya.cho
753,jiraporn.tan
754,korakot.soo
755,janpen.ser
756,jaruwat.phe
757,julanan.joo
758,thitiphong.sae
759,tatsanee.kal
760,panutda.jai
761,panya.jit
762,pudsadee.kia
763,panumas.poo
764,lakkhana.sap
765,wakorn.mag
766,wanwimon.sit
767,waraporn.pim
768,weeraya.kok
769,saranya.rua
770,laphasrada.han
771,suphatsara.suw
772,anuruk.boo
773,atchara.cha
774,amnuay.ura
775,kasama.chu
776,pimchanok.lop
777,watchara.ara
778,ruangnapha.the
779,asree.mit
781,khwanchanok.cha
782,jintana.ger
783,jintana.khu
784,thanpisit.hok
785,narouemon.noi
786,patamaporn.suk
787,ponpimon.khu
788,pakpoom.ban
789,phanu.kae
790,rodjana.cha
791,rissara.che
792,wipawee.kae
793,somkid.suk
794,sasipapon.vim
795,saithip.suk
796,sunisa.kat
797,sumattana.oon
798,suraphod.dok
799,saowaluk.sin
800,anuchit.bua
801,alisa.ham
802,jariya.pra
803,siraphop.thi
804,kesorn.jai
805,pisornphon.sae
806,keerati.son
807,issla.say
808,nichagun.see
809,thirapong.mon
810,thanakhon.phu
811,nikorn.sao
812,patiphan.won
813,pimnipa.jit
814,monwipa.ler
815,ratchaneawan.rom
816,rittikai.jim
817,wisanu.yon
818,sraranyu.won
819,siriwan.kin
820,sukom.kap
821,apichat.kha
822,sumalee.udo
823,sanpol.ker
824,thapanee.sue
825,sirapope.cho
826,kantawat.sut
827,kanokporn.kla
828,chamaiporn.kum
829,teerawat.won
830,narissara.chi
831,phiraphon.mat
832,pisit.bua
833,supaporn.man
834,apisarathorn.cha
835,nuntiya.wet
836,woottitum.tae
837,varut.pat
838,korawit.kun
839,kulnipa.int
840,jantrathip.mic
841,jenrop.sri
842,theerathat.sre
843,narub.wut
844,nannaphat.pan
845,prakasit.har
846,pitiyaporn.fan
847,ponphan.siw
848,sathaporn.sri
849,santirat.kha
850,suttiphong.amp
851,surawut.sod
852,suriya.niy
853,suriyawut.kha
854,alisara.udt
855,narumit.jae
856,fuangfa.boo
857,pojchara.aka
858,benchawan.jan
859,kamonchanok.kum
860,chakrarin.law
861,songphol.pho
862,naruemon.jan
863,piyawat.kon
864,pitchayatida.net
865,phanumat.chu
866,sarawut.sik
867,suphakorn.mai
868,sunita.cha
869,suwit.min
870,opas.tad
871,rungfa.rol
872,khumpee.pli
873,thammasit.phu
874,thitirath.won
875,suphut.kae
876,punnalat.udo
877,prakairerk.pra
878,nuengruethai.poo
879,chawwalit.tee
880,chakkrit.sa-
881,chakkaphan.pim
882,jirapat.pin
883,teeradet.iwp
884,nipawadee.thi
885,pitsanu.kea
886,pissamai.ple
887,phiraphut.pho
888,yongyut.sir
889,lalitsinee.som
890,worachai.pon
891,waraporn.pua
892,sompong.khu
893,sangsan.cha
894,surachai.cha
895,adisak.kun
896,areeya.rat
897,weeraphon.sri
898,assadej.chi
899,chanista.khu
900,siphon.sth
901,nattawut.sae
902,chaipat.jon
903,athirut.kho
904,kampanat.sih
905,kultida.nik
906,nantapong.khe
907,niroot.kho
908,dumrongsak.pup
909,tossapon.cha
910,nattapon.sat
911,pradipat.chi
913,pitak.kam
914,paranyoo.ser
915,puwapon.man
916,rattiyaporn.pan
917,wanlop.sam
918,saran.app
919,sirinan.fae
920,suppaeork.poo
921,surangkana.rot
922,suwichada.chu
923,aphisit.pon
924,annop.kla
925,chanaporn.phr
926,kittithat.tan
927,nuttasit.pha
928,piyanut.boo
929,peeracha.bam
930,chatchai.sao
931,maythawut.noi
932,aekkachai.sae
933,keerati.cho
934,khunnawut.sri
935,jakkrit.paw
936,chanoksuda.pon
937,thanita.lee
938,nathikan.saa
939,nattapong.sat
940,niratcha.cho
941,pronchanok.san
942,patcharapa.inc
943,pichsinee.sut
944,phurirat.kho
945,laphatrada.ran
946,warissariya.kro
947,wilawan.sut
948,siriluk.jan
949,siwaporn.jam
950,supanee.pin
951,saipin.the
952,sawittree.pou
953,sunantha.won
954,anucha.jak
955,autjima.cha
956,nanttapong.kho
957,khwanchai.nob
958,sunisa.pin
959,krittiya.cha
960,koson.pet
961,jamjuree.sri
962,jittapat.sri
963,jiravat.hou
964,chayanin.wis
965,chatri.kac
966,chalisa.pho
967,nattapon.kur
968,thatsani.suw
969,narumol.hae
970,nalita.sae
971,nisachon.yan
972,papatsara.cha
973,prasit.see
974,pawanrat.cha
975,panyaporn.ruk
976,panida.jit
977,phitchapha.cho
978,varadom.man
979,vijittra.see
980,suphrrsa.tru
981,sumimon.sam
982,apisit.mue
983,arunya.det
984,kittiphon.chi
985,jaruwan.see
986,jedtaphon.pro
987,janjira.boo
988,nudjarin.kho
989,netsai.pua
990,piyathida.kho
991,pornchai.kam
992,phankon.pra
993,phimonwan.man
994,sirasun.cho
995,suthida.por
996,arreerat.tiw
997,krischai.tan
998,priyarat.tan
999,natthakarn.noi
1000,chalinee.riy
1001,kanitta.sal
1002,khampee.gra
1003,nontachai.yam
1004,niracha.sak
1005,budsakorn.kab
1006,piyaporn.sri
1007,phacharapat.pho
1008,pichet.van
1009,pimlapas.nia
1010,pattarawadee.yua
1011,pinya.pak
1012,masa.kae
1013,rattikan.hom
1014,wanansara.phu
1015,wanthana.na-
1016,sasichanan.rua
1017,sasina.sin
1018,siraprapa.bor
1019,sujira.vac
1020,sudarat.ton
1021,arita.bam
1022,utein.dan
1023,krittiyaphon.tik
1024,cataleeya.sae
1025,jaruwan.thu
1026,jeeranan.kan
1027,jiraporn.tho
1028,jiraporn.pha
1029,jirapan.sok
1030,chuthamat.thi
1031,tawan.pan
1032,thanaporn.ras
1033,thanyarat.ple
1034,thidamas.kha
1035,benjaporn.aek
1036,prakit.pra
1037,prapaporn.suv
1038,pinida.klo
1039,pairpoly.ket
1040,pavinee.kar
1041,maliwan.won
1042,ratchanaporn.ata
1043,sakon.dee
1045,atitaya.wan
1046,on-anong.ngo
1047,onanong.hor
1048,arunsri.kas
1050,attapinya.pai
1051,kuntida.oru
1052,jarukitth.kat
1053,navachart.see
1054,bandit.cho
1055,ronnakorn.pom
1056,wantana.sri
1057,siwaporn.rit
1058,supawadee.mum
1059,chontep.tha
1060,pisut.pue
1061,tannawud.mee
1062,phurichaya.jus
1063,tekullwat.tan
1064,kitichai.von
1065,napapra.som
1070,arpatsara.nas
1071,pornpanuch.kas
1072,kanyakawin.pin
1073,thammaporn.cha
1074,pitakpong.phr
1075,pummarin.int
1076,nuchjaree.sir
1077,kanokkan.kia
1078,kanjanapat.mad
1079,jakree.sae
1080,jirayu.khw
1081,chatdanai.itt
1082,chayapum.mee
1083,chaiyasit.tra
1084,tongchai.but
1085,thanakorn.pha
1086,thanakrit.sao
1087,tanabodee.che
1088,tanika.jam
1089,natthakan.nae
1090,namfon.kha
1091,banlang.phi
1092,pranithi.kan
1093,priyachat.cha
1094,phornjaras.pen
1095,pornthip.lua
1096,pipat.cha
1097,phinyo.hom
1098,monthathip.suk
1099,wanchaloem.jir
1100,wipanun.tha
1101,soravanee.pra
1102,sasivimon.von
1103,sirichai.sur
1104,arunrat.pan
1105,nakornchai.inp
1106,rattanan.kha
1107,boonyavee.pro
1108,khantamalee.cha
1109,chotiman.pet
1110,bowon.sri
1111,pornchanok.onj
1112,phatthanaphak.inp
1113,panuwat.wac
1114,yuwalda.won
1115,lattanan.saw
1116,somphop.tan
1117,saisuda.yow
1118,sirichai.pro
1119,sunisa.koy
1120,sureemas.had
1121,anukul.tak
1122,apinan.sue
1124,assanee.sea
1126,boonta.sai
1127,kanokporn.sri
1128,jantrra.mal
1129,jiraporn.cha
1130,chanisara.kho
1131,nattapon.soo
1132,nicha.nie
1133,tatsaneeya.sim
1134,papadson.khl
1135,prakasit.com
1136,pacharaporn.sri
1137,phathira.sat
1138,phattharawan.wan
1139,yollada.kon
1140,yuttakarn.dua
1141,yuwadee.pan
1142,wannapa.kan
1143,weeraya.kae
1144,sapol.pan
1145,tontagan.put
1146,kanyanee.hin
1147,jetsada.pro
1148,rattanaporn.wan
1149,sujitra.jai
1150,danupol.taa
1151,sudhathai.phi
1152,patcharaporn.suw
1153,pantawan.pok
1154,natthaporn.jin
1155,parichart.nen
1156,jirapan.nan
1157,chaiwiwat.tar
1158,wanpen.boo
1159,urairat.kar
1160,karunapon.pon
1161,panumad.boo
1162,saranya.set
1165,prapassorn.tub
1166,kaya.geu
1168,ratchayanon.jit
1170,sirikanda.ket
1172,anantaya.tho
1174,voraprath.ban
1175,u-marat.san
1176,kanyapak.naw
1177,chaiyapat.jir
1178,kanyarat.udo
1180,chanida.poo
1181,chanitsara.nij
1182,chayakorn.lao
1183,duangkamon.saw
1184,nitiya.cha
1185,piphrompon.bun
1186,pennapa.kit
1187,phairin.phi
1188,rusmee.suw
1189,wikanda.mah
1190,sasithon.moo
1191,anusara.lap
1192,supaporn.kae
1193,kritsakon.aun
1194,kritsana.poo
1195,ketmanee.pae
1196,chanaphum.cha
1197,nuttapon.mun
1198,naruebet.fon
1199,nittaya.tha
1200,bencharong.kho
1201,pantep.ain
1202,patchara.pim
1203,yinglux.yod
1204,saimai.san
1205,sukanya.kha
1206,souwalak.tea
1207,orapun.kha
1208,orawan.sin
1209,korakot.tia
1210,arnon.pak
1211,kitipong.sor
1212,tawat.kas
1213,sujittra.tho
1214,khomkrit.tha
1215,kriyakorn.cha
1216,kedmanee.lar
1217,kharinthip.tad
1218,janyaporn.say
1219,janjira.khe
1220,charinrat.khe
1221,nutthapong.kas
1222,thanutchaporn.cha
1223,paphangkorn.nun
1224,phirapan.kot
1225,yontida.tha
1227,wuttipong.kon
1228,saripha.cha
1229,sirichai.hom
1230,sujittra.yur
1231,suvitad.pay
1232,achiraya.int
1233,narischa.sal
1234,warinthon.san
1235,pachara.pan
1236,rungnapa.ket
1237,monariya.int
1238,varatchaya.ati
1239,wadsana.pam
1240,athiwat.sam
1241,narin.pop
1242,sasipa.kha
1243,natakamon.thi
1246,thanapat.mao
1247,chittapol.tha
1248,nichaphat.jam
1249,mayurachat.pou
1250,suphattra.pho
1251,apisit.suw
1252,jintana.kam
1253,ladaphan.ama
1254,punnawee.pan
1255,sirinun.sri
1256,netipong.pet
1257,anucha.kam
1258,triannaphat.pan
1259,kanitta.cho
1260,thanawat.pha
1261,worrawit.phi
1262,monpreya.boo
1263,jeechan.koc
1264,sudarat.khu
1265,hemmaluck.wan
1266,charlee.mon
1267,pirunrat.poo
1268,kanokporn.suk
1269,sureerath.pla
1270,nutcha.tan
1271,prawnapa.sri
1272,sawitree.pan
1273,rujira.cha
1274,kittamet.wan
1275,kawihtip.san
1276,kunjira.kun
1277,jamjuree.sam
1278,chanita.sin
1279,chitchong.ban
1280,nathavadee.cha
1281,torlap.pan
1282,tippawan.pin
1283,thirapong.sid
1284,nuananong.man
1285,nattapong.eia
1286,nanticha.loe
1287,nasrin.kit
1288,rattanawong.pak
1289,nareerat.kli
1290,pratana.boo
1291,panchanok.dee
1292,parichat.sre
1293,phongsiri.mun
1294,pornphailin.lon
1295,patcharin.boo
1296,pitchaya.pan
1297,pimvimol.suw
1298,pirada.sat
1299,pakwalan.yim
1300,rungrat.saw
1301,vorravut.kit
1302,waraporn.yin
1303,wanicha.boo
1304,wiphawadee.kia
1305,saranya.pan
1306,sitichot.yow
1307,sitthisak.son
1308,suthichanan.som
1309,supattra.dua
1310,adisak.pro
1311,atichai.cho
1312,athitthan.suw
1313,anongnath.cha
1314,uriwan.kru
1315,kulathat.saj
1316,yodsapon.dat
1317,lalita.kai
1318,suthima.sun
1319,thanapum.pat
1320,kannika.taw
1321,kunnathee.som
1322,kanchana.cho
1323,chidapha.dai
1324,thitinai.som
1325,narong.det
1326,natthaya.chu
1327,tanawat.rad
1328,napanuch.cha
1329,nammon.phu
1330,parichat.suk
1331,phansa.sri
1332,phattiraorn.dee
1333,panupong.roe
1334,montira.kon
1335,lannicha.won
1336,wannakarn.ton
1337,warunrat.kai
1338,wattana.int
1339,wanwisa.lek
1340,wipawan.saw
1341,srawut.thi
1342,sukanya.lak
1343,suchitra.kae
1344,suphaphorn.kha
1345,suwimon.kho
1346,atisatree.tap
1347,aphinat.bun
1348,orawan.poo
1349,asada.sar
1350,thanatta.mue
1351,arthit.nap
1352,nuttanan.fon
1353,panjarath.som
1354,pichittra.but
1355,supaporn.sun
1356,tissanamadee.cha
1357,patcharawadee.sun
1358,phansachol.kar
1359,krisada.ona
1360,janissada.sas
1361,juthathip.yot
1362,nuttaya.yan
1363,thanapon.chu
1364,ploikaeo.klu
1365,maliwan.pal
1366,yotanut.poo
1367,wassana.som
1368,karun.jen
1369,kitsanaphong.tha
1370,kittiya.yin
1371,tueanchit.yas
1372,tanapat.au-
1373,natthamon.sri
1374,natthamon.sao
1375,nampach.pho
1376,waraporn.yin
1377,anuwat.sen
1378,alongkorn.udo
1379,aajaree.pom
1380,aunjai.yat
1381,chaichan.phu
1382,rungruang.kha
1383,somkiet.pra
1384,wararat.mah
1385,nuttaprapa.pha
1386,kiattisak.tho
1387,khwanjira.nak
1388,chakkrit.lap
1389,charinrat.see
1390,chinavadee.boo
1391,natchaya.cam
1392,nuttaporn.sae
1393,darunee.san
1394,natcha.ard
1395,nantanit.pad
1396,benyaporn.chu
1397,poramate.phu
1398,piyapa.dec
1399,piyapaphon.pin
1400,piyanut.soo
1401,phonthep.sai
1402,phiphat.hom
1403,wanwisa.san
1404,sirinapaporn.nua
1405,supiwat.son
1406,sathaphon.sag
1407,somrudee.sre
1408,suchada.kos
1409,supassorn.sur
1410,ananya.pak
1411,apisit.nom
1412,oranee.but
1413,oraphan.sae
1414,arpatsara.som
1415,maleewan.tun
1416,tawan.cha
1417,chakrit.roj
1418,arunrod.cha
1419,chakrit.kat
1420,chanon.par
1421,sirikamon.jan
1422,chiraphat.cha
1423,dechaphon.yue
1424,korakod.net
1425,kittichai.non
1426,natchanon.cha
1427,trirong.son
1428,songchai.chu
1429,phonchanok.sam
1430,pissanu.hom
1431,wilasinee.sat
1433,siriporn.suw
1434,suppalak.imj
1435,supachok.kid
1436,anucha.khi
1437,arunwatri.tha
1439,apiwat.nan
1440,chidchanok.bua
1441,pornpailin.ban
1442,thitirat.suk
1443,supbhakorn.sir
1445,teeraphan.cha
1450,chatchai.aem
1451,somkiat.sai
1452,apidach.kea
1453,kanphon.nar
1454,jannapa.won
1455,choenitha.lue
1456,chonticha.cho
1457,chortip.yen
1458,titaporn.jum
1459,natthakrit.cha
1460,natcha.pua
1461,dunyapat.tha
1462,tunyatip.buv
1463,teeraphon.pin
1464,noppadon.boo
1465,naratthaporn.wat
1466,naroueporn.cho
1467,naruemon.sri
1468,panisa.oon
1469,prachak.mah
1470,pranpreeya.hor
1471,pradthana.dua
1472,piyanud.cha
1473,piyapron.cho
1474,patcharaporn.rat
1475,phatcharin.klu
1476,pannita.tan
1477,panika.pri
1478,mattana.jam
1479,yuparat.wan
1480,ruksuda.bun
1481,rungthip.ton
1482,laddawan.unt
1483,wipawan.rat
1484,wipawan.kwa
1485,werayoot.wat
1486,sasipapar.war
1487,silalk.khw
1488,suthita.sri
1489,saral.aia
1490,sirichai.tha
1491,sudarat.pho
1492,suticha.kha
1493,pronnarat.yin
1494,kannika.suw
1495,keerati.sur
1496,jariya.khu
1497,chondan.eam
1498,chatchay.kin
1499,thaweekan.som
1500,natthaya.lek
1501,natthicha.cha
1502,nattaporn.art
1503,thofan.won
1504,thivaporn.thi
1505,thanat.ake
1506,thatchapon.thi
1507,tanyarat.tha
1508,tararat.boo
1509,theerapon.kot
1510,thirasak.cha
1511,nittiya.sin
1512,bunyanuch.khe
1513,phanjaphon.run
1514,piyada.sua
1515,pattanapong.fun
1516,natthawut.khu
1517,rukchanok.kum
1518,wadcharawut.pos
1519,wutthikai.sae
1520,siriphon.sun
1521,sirilak.sap
1522,sujita.kae
1523,sudtita.dac
1524,supranee.pon
1525,souwanee.nan
1526,oatthachai.sas
1527,ulaiporn.kan
1528,suwat.tip
1529,kotchapan.sun
1530,wikulda.ana
1531,nittha.jir
1532,alongkod.sos
1533,kongira.sat
1534,kanjanapa.sin
1535,koonlasatree.mee
1536,katadet.lao
1537,jaturong.nur
1538,aurairat.cha
1539,jakkarin.san
1540,jeeranan.bun
1541,jirawat.pun
1542,jeerapong.dan
1543,juthamas.tha
1544,natthawan.sap
1545,tawan.pro
1546,nattakan.kea
1547,nattapong.eua
1548,natthaphoom.kho
1549,nattaya.pho
1550,nitaya.tha
1551,paphawi.aea
1552,payut.sai
1554,paweena.daw
1555,peatip.kam
1556,patcharapun.par
1557,fill.kit
1558,yuttana.kha
1559,rattawit.rak
1560,rungrawin.tae
1561,sumittra.cho
1562,visit.sae
1563,sirisa.chi
1564,suphansa.ren
1565,aspattra.sat
1566,supap.sat
1567,suwanan.pan
1568,apinya.sar
1569,jirawut.thi
1570,chakrit.tan
1571,napassorn.mon
1572,pathumwan.cha
1573,pramote.kon
1574,waraporn.phi
1575,waravut.ton
1576,wutipong.sin
1577,sukchai.bam
1578,sujitra.phe
1579,sunisa.cha
1580,supansa.car
1581,uamaporn.moo
1582,u-sawadee.nak
1583,eakkachai.van
1584,nattawut.soy
1585,surachai.cho
1586,taradon.sak
1587,pramek.boo
1588,pachara.cha
1589,peerawat.tub
1590,ramita.yib
1591,vasin.kum
1592,panya.sat
1593,kantapon.pho
1594,kantika.pin
1595,kanjana.sin
1596,jakkit.pan
1597,jeadsarid.bud
1598,chidchanok.won
1599,natthaphon.sur
1600,taddaw.wan
1601,thiptara.sun
1602,tanapon.pro
1604,thidarat.sam
1605,nattaya.yam
1606,phadungkiat.wan
1607,nichada.put
1608,nuchchanat.tae
1609,budsachat.cha
1610,benjamat.son
1611,prapassorn.kho
1612,paravee.hma
1613,pinyada.pan
1614,yupa.kui
1615,rattanapron.kam
1616,rittidech.jan
1617,wanida.hee
1618,wanaprasit.kon
1619,wipaporn.pim
1620,sarawuth.aud
1621,supachai.tho
1622,sununtarkarn.a-p
1623,suphaphon.kha
1624,akira.sat
1625,apinya.daw
1626,assada.tan
1627,chatchawan.kra
1628,aanongnai.sea
1629,sittikun.suk
1630,adisorn.nil
1631,ananya.khw
1632,kammanut.kaw
1633,pongsaphat.tha
1634,patcharee.inl
1635,nattakarn.jai
1636,panisa.dam
1637,sahapat.mor
1638,kotchaporn.kot
1639,kritsada.dip
1640,juthatip.poo
1641,jutharat.tip
1642,chanidapa.kue
1643,chaiya.man
1644,natpaphat.rat
1645,dararat.aru
1646,totsapol.ton
1647,thinnaphat.sam
1648,thanaphon.won
1649,thanyaporn.jit
1650,tammarat.pas
1651,thawatchai.sue
1652,theerawat.pho
1653,dawcharat.suk
1654,nutcharin.wor
1655,nettrawat.art
1656,boonjira.kun
1657,phanida.pas
1658,pirunporn.boo
1659,panuwat.hud
1660,bhuminat.thi
1661,manatsanan.nim
1662,rachanon.nae
1663,rattana.kom
1664,warakon.lao
1665,wipada.kea
1666,wiphawan.man
1667,weenutsanan.ket
1668,sayamon.kom
1669,sarayut.jai
1670,sirumpa.kli
1671,sirinthra.sua
1672,supapond.mal
1673,suwan.cha
1674,arthit.thi
1675,uten.chi
1676,sarinnat.hir
1677,nat.koc
1679,mayuri.sai
1680,ploypailin.san
1681,sakda.chu
1682,chan.nak
1683,jirapat.cho
1684,thanonsak.hin
1685,thanaphum.sae
1686,thanawan.yin
1687,tidarat.kam
1688,nantaporn.sin
1689,nipaporn.kid
1690,patompong.wan
1691,panisa.sir
1692,patcharee.pun
1693,phichayaphak.sat
1694,puttipong.kon
1695,praeploy.lao
1696,rachanon.man
1697,rungnapha.lap
1698,roongradsamee.lad
1699,wannaporn.pat
1700,wannapa.kus
1701,vipaporn.cha
1702,wilaiporn.kra
1703,tanakorn.bup
1704,saichol.tha
1705,jariya.pat
1706,nattapol.pro
1707,taweesub.por
1708,tatthapong.sri
1709,aphinya.tan
1710,thirasak.nam
1718,peerawich.kar
1719,thongkham.suk
1720,jriya.kan
1721,nattasit.kay
1722,baifoen.sae
1723,penruedee.hwa
1724,wisarat.jit
1725,supansa.sut
1727,a-niwat.pan
1728,wichuda.pra
1729,benyapa.por
1730,prapatsorn.boo
1731,sirichaporn.sin
1732,pongton.kum
1733,suprecha.suw
1734,chuleerat.kam
1735,worawut.pit
1736,paveena.dan
1737,ratanaporn.boo
1738,kanokporn.tia
1739,kritsana.sra
1740,jirapong.don
1741,chaiyawat.mai
1742,chakriya.lop
1743,chutima.tan
1744,thitika.see
1745,thatsikan.rat
1746,thanapron.poo
1747,thanawut.tho
1748,nontiwat.dac
1749,napatsorn.mue
1750,pativat.cha
1751,panradee.tae
1752,phanthason.sir
1753,pattaratiwa.tri
1754,panuwat.sai
1755,wonika.aud
1756,witthawat.wan
1757,sujittra.cha
1758,suchada.pho
1759,suwanan.kae
1760,kansank.int
1761,chanavek.khu
1762,kingkaew.soo
1763,kittisak.tha
1764,patipan.lak
1766,wachiraporn.rat
1767,juthatip.cho
1768,usa.der
1769,wanvisa.puk
1770,teerapong.pho
1771,wilaiporn.nus
1772,prakasit.kor
1773,pannawitch.thi
1774,pakthanicha.tha
1775,jeerapon.bat
1776,jaruwan.kli
1777,sudarat.bao
1778,phanida.mue
1779,sunisa.kho
1780,patcharee.san
1781,kanthika.koh
1782,rungvipa.see
1783,naraporn.pho
1784,nantakarn.sae
1785,prangthip.won
1786,rachanikorn.kha
1787,apisra.san
1788,intuon.kho
1789,wisunee.yap
1790,saichon.dac
1791,preecha.sod
1792,benchamas.chu
1793,poorawit.siw
1794,sarayut.rat
1795,setthasat.arm
1796,rattanantawi.pan
1797,thanet.boo
1798,tharathep.nie
1799,varitsara.run
1800,danuphon.sae
1801,supaphan.wit
1802,jintana.klu
1803,siriporn.dee
1804,phanthila.map
1805,teerayut.nus
1806,tanyalak.api
1807,nattaphon.saw
1808,pisal.phe
1809,tortrakul.won
1810,wasinee.cha
1811,jirarat.jar
1812,kan.kos
1813,kunyarat.pra
1814,jakkaphan.rac
1815,jaruwan.jud
1816,jitsamon.bua
1817,jiraporn.cha
1818,chirayut.hir
1819,jenjira.rak
1820,chanisornpat.sod
1821,chinnakorn.nak
1822,nutnaree.inp
1823,tinnapop.ang
1824,thanet.int
1825,thawatchai.sin
1827,tharinee.wis
1828,natphinya.ons
1829,namphueng.san
1830,nipaporn.tea
1831,boonyakorn.rea
1832,prangsuda.pra
1833,paveena.chu
1834,punyaporn.jar
1835,phongsakon.phr
1836,phonchai.ain
1837,ponnipa.sim
1838,pornpawee.sut
1839,putcharaporn.lon
1840,pheeranat.gun
1841,phunthira.sub
1842,pattarawarin.sin
1843,rattana.seu
1844,vorapimrat.fan
1845,wannipa.com
1846,watcharaphon.sod
1847,wassana.chi
1848,visanu.pit
1849,weeradet.san
1850,sasiwimon.tom
1851,sakkarin.non
1852,sirapassorn.cha
1853,suphalak.opa
1854,sathorn.puk
1855,suda.lae
1856,supattra.sap
1857,sulakkhana.tha
1858,suvlee.cha
1859,hathairat.rat
1860,hmam.nen
1861,anuchida.kha
1862,anuwat.chi
1863,amonrat.ken
1864,orawanya.phe
1865,aunyamanee.rat
1866,sridarunee.cha
1867,atipong.jun
1868,kanlayakon.san
1869,thitthiphat.jai
1870,nipattra.san
1871,yuranun.wit
1872,chanon.khi
1873,waraporn.kir
1874,teerapol.sin
1875,supachaya.lim
1876,arisa.cha
1877,jenjira.kla
1878,kanokkan.mee
1879,kanokwan.cha
1880,kritsanachai.see
1881,ganthon.ash
1882,kanjana.tho
1883,kantima.sre
1884,kittiphop.won
1885,kitipat.jan
1886,ketmanee.cha
1887,kiadtisak.int
1888,kiatsuda.lam
1889,kwanchanok.tum
1890,jakkapong.thi
1891,chamchuri.tha
1892,jinatta.tho
1893,chiratchaya.ron
1894,chiraphon.sit
1895,juthamas.pen
1896,jutarat.set
1897,chadarut.pos
1898,chananchida.kan
1899,chonthicha.yos
1900,chonlada.sri
1901,nattaporn.las
1903,nuttaya.sai
1904,phiphopphakhin.pha
1905,tontakun.mae
1906,thipprapa.sai
1907,thanakrit.rad
1908,thanaphol.suk
1909,noppawan.kha
1910,nattaphong.pin
1911,pathomphop.pan
1912,panadda.sam
1913,prapatsorn.tho
1914,parichat.nok
1915,panchanok.phi
1916,pinphet.wie
1917,pongthep.suk
1918,pornchanok.sri
1919,pornpan.che
1920,panramon.aia
1921,promachart.kha
1922,putchareepron.bua
1923,phimnapha.rue
1924,peerapol.pha
1925,phenjan.wir
1926,praewanan.cha
1927,aiyawarin.pap
1928,panupong.jun
1929,mathuros.tro
1930,manaphat.phr
1931,ronnakrit.sas
1933,rawimon.jan
1934,ratchaneegon.kae
1935,rattiyakorn.nga
1936,rattanaporn.cha
1937,rittikieat.chi
1938,ritthiron.pha
1939,lira.boo
1940,lukson.phu
1941,woraphitcha.kan
1942,wichita.won
1943,wirawan.lue
1944,wilawan.nam
1945,sivimon.yue
1946,suparin.pho
1947,sawat.boo
1948,salawin.phi
1949,sittikorn.cha
1950,suttira.pim
1951,supannika.win
1953,supaporn.rom
1954,supaporn.dua
1955,sumittra.thu
1956,athipat.kha
1957,anongnad.che
1958,anuthida.won
1959,anusara.sil
1960,amorntep.nim
1961,onuma.pro
1962,isaraporn.pon
1963,pimchanok.kov
1964,tatpatsakorn.kas
1965,kanjanaporn.chu
1966,khanittha.nak
1967,jarupa.hom
1968,jiraporn.ngo
1969,chanunchida.man
1970,chompunut.ora
1971,cherraya.see
1972,natthachai.poj
1973,nutthapong.yut
1974,nattaphol.sri
1975,nattapon.pen
1976,nattapol.per
1977,sup-aumpai.mee
1978,naluedon.kat
1979,narupon.jit
1980,naruemol.kac
1981,nutsinee.pai
1983,nuntiya.don
1984,preyawadee.poo
1985,perweena.kam
1986,phatsadee.ric
1987,pongsakda.cam
1989,pornsuda.noi
1990,phatnari.nue
1991,panit.pus
1992,pennapa.a-n
1993,mongkol.cha
1994,manida.pho
1995,mewika.sir
1996,wayakron.nar
1997,wannida.kul
1998,watcharapong.ano
1999,inchalitar.kia
2000,wanchat.inp
2001,saravut.pij
2002,salisa.khu
2003,somyot.khu
2004,sahapruek.sed
2005,sirikarn.pho
2006,sujira.kor
2007,sudarat.voo
2008,suthida.pra
2009,suputtra.pas
2010,sureerat.lun
2011,suwanya.cha
2012,onuma.wic
2013,areeya.cha
2014,watcharapong.loo
2015,wachirawit.hus
2016,nitchamon.lot
2017,duanghathai.pan
2018,jaruwan.sur
2019,nutchanon.sor
2020,kamporn.ach
2021,janjira.put
2022,natdanai.sri
2023,nuththida.mee
2024,nuttapon.kon
2025,tinnaphak.set
2026,todsapol.nga
2027,thanaphong.mip
2028,thanaporn.cha
2029,atittiya.jit
2030,tharini.kho
2031,teerachat.hom
2032,niroot.tui
2033,prapawan.pra
2034,prangtip.ker
2035,piya.sak
2036,pornthip.nas
2037,paradon.pim
2038,rattapon.tan
2039,rewat.ban
2040,rotchanasak.sit
2041,watsamon.rak
2042,wichuda.sor
2043,weerakan.pho
2044,sutthini.int
2045,supasak.mun
2046,suriporn.kon
2047,sutep.pra
2048,suthathip.jai
2049,sutee.ekt
2050,suwanan.lun
2051,suwanan.pan
2052,thnaynanth.won
2053,kawisara.kli
2054,chanarong.phu
2055,nutikan.foo
2056,natthawat.kit
2057,supareak.hma
2058,thanasit.pan
2059,nattapong.kum
2060,pun.jit
2061,pattama.lun
2062,patteera.pho
2063,yossapol.wat
2064,yupin.jan
2065,ruthairat.tia
2066,wisuttapong.ped
2067,sarawut.man
2068,siripan.chu
2069,nichakan.sem
2070,kittisak.dea
2071,jittipat.boo
2072,chadaporn.kon
2073,naphatsanan.rue
2074,nattakan.dit
2075,thanapha.sri
2076,paweenuch.pue
2077,phichai.sam
2078,penavat.kay
2079,manirat.bun
2080,mawika.ten
2081,yupadee.sir
2082,rapeepat.pet
2083,ravitsara.boo
2084,laksana.sra
2085,siriakson.lut
2086,sarunchana.pra
2087,suphakon.kai
2088,jirawat.pra
2089,yongyut.sri
2090,piyada.sat
2091,vittavat.bua
2092,uracha.run
2093,pawarut.sut
2094,thanapon.pum
2095,kittaporn.man
2096,jaroon.bab
2097,jantakan.kan
2098,chaiwat.rob
2099,chanchai.man
2100,chutima.lad
2101,chutima.khu
2102,nattawut.int
2103,dechawat.cha
2104,thanupong.luk
2105,thanawut.jun
2106,theeraphat.fon
2107,netrnapha.pho
2108,butsakon.won
2109,budsakorn.kha
2110,patama.vee
2111,panisa.int
2112,putsaya.cho
2113,pimpapussron.cha
2114,poomin.jum
2115,mallika.pon
2116,wannida.sum
2117,wasin.pro
2118,supawinee.kon
2119,suwan.aia
2120,suwanna.sir
2121,apiraya.pae
2122,amarun.jan
2123,kamolporn.pro
2124,krongkran.won
2125,jatupat.bua
2126,jiraphorn.lim
2127,natthaya.hon
2128,nathapong.pan
2129,thirawit.cha
2130,boontarika.mua
2131,paweena.sou
2132,muangphet.sri
2133,sasiprapha.mua
2134,supawadee.pet
2135,ekkapon.bor
2136,theerapap.nai
2137,theema.mak
2138,phamin.wim
2139,chanon.sri
2140,chatchapol.vut
2141,poomiphat.som
2142,meena.sir
2143,ratchawich.kit
2144,kesinee.pak
2145,kanitta.boo
2146,jiraporn.sak
2147,saikaew.yor
2148,thanadon.tho
2149,pranee.thi
2150,pattama.chu
2151,malisa.nan
2152,manita.nae
2153,mukda.ump
2154,rattanaporn.cha
2155,vattakieat.cho
2156,vipawan.son
2157,wilawan.sah
2158,ananyaporn.kin
2159,apisit.too
2160,likitkul.toi
2161,kanjana.kae
2162,kedsarapon.nan
2163,janthima.jan
2164,tissadee.wir
2165,thanachai.lie
2166,nipapon.kae
2167,panadda.tha
2168,paphaphon.ain
2169,porntana.tha
2170,pornparn.say
2171,phiriya.som
2172,peerapong.pan
2173,pattharawadee.pua
2174,panupan.jan
2175,maneerat.sri
2176,wanchalerm.jun
2177,wunlaya.nor
2178,veelaiporn.mal
2179,sirilak.kan
2180,akkharaphol.tro
2181,orawan.nua
2182,areeya.aon
2183,sakdithach.sup
2184,jirayu.pra
2185,pornsuda.moe
2186,wongsathorn.bun
2187,kanockwan.ban
2188,poonnawit.nit
2189,sabipim.tho
2190,sujeerat.cha
2191,wiphada.pao
2192,pemika.suw
2193,kwan.koh
2194,kakanang.dan
2195,jariya.yom
2196,jirawat.o-r
2197,juta.mar
2198,thanyaporn.chu
2199,narupat.phi
2200,nitipong.cha
2201,bussakorn.due
2202,busayamat.sre
2203,benjapron.cha
2204,pawanrat.chu
2205,pattama.ban
2206,purachet.ekt
2207,phimtawan.thu
2208,pattrawadee.tha
2209,raksina.but
2210,ratchada.nin
2211,wassana.pho
2212,wisathron.sri
2213,sasiwimol.sae
2214,siwanon.kan
2215,sukunya.ink
2216,suchaya.tow
2217,suda.see
2218,supattimol.chu
2219,suphaphon.sae
2220,suwajee.rit
2221,neungrutai.tan
2222,oraya.jan
2223,onsuda.cha
2224,arissara.won
2225,jhutamad.pho
2226,chalarmchai.kam
2227,nattapol.dua
2228,theeraporn.phr
2229,nuttaya.tan
2230,pawitchaya.pia
2231,lalita.pan
2232,wileilak.nga
2233,alitbet.nga
2235,oraya.kae
2236,pairaya.jas
2237,keamarin.war
2243,napat.sri
2245,panuphan.chi
2246,konkanok.kap
2247,kannika.mee
2248,gunyanat.dec
2249,kanmanee.chu
2250,kitiyakon.las
2251,kesorn.jan
2252,jariya.ana
2253,chanthida.pra
2254,jittimet.som
2255,jiratchaya.tup
2256,chuthathip.sut
2257,jaettarin.lam
2258,jenjira.pim
2259,chompunuch.rat
2260,nattanicha.tha
2261,nichaphat.see
2262,songphon.dok
2263,thanaporn.int
2264,thanphitcha.pha
2265,naphatson.sae
2266,nara.bun
2267,nichapat.cho
2268,budsaraporn.aht
2269,poramet.kha
2270,prangsuda.sam
2271,pongpisut.sri
2272,phongsuree.nam
2273,panitpawn.kru
2274,pontida.don
2275,parita.cha
2276,patcharida.sin
2277,pattharawan.yon
2278,panumas.som
2279,phiraya.wer
2280,mata.pat
2281,mookda.kra
2282,latdarat.mua
2283,vachiraporn.kun
2284,wayupa.lom
2285,worapon.wet
2286,wikunda.suk
2287,sarunya.boo
2288,sasiwimon.khu
2289,sasiwimon.tas
2290,sujinthara.run
2291,suratwadi.oue
2292,sorathorn.pin
2293,suthipat.sir
2294,sunita.som
2295,supansa.tre
2296,suwisa.sur
2297,apinyarat.kla
2298,ingon.asi
2299,aeuaungkul.pha
2300,phurit.dua
2301,natechanok.piy
2302,nichapa.put
2303,tipawan.rea
2304,naruporn.phu
2305,wasu.sur
2306,chuenjit.vis
2307,kanjamon.som
2308,atchara.lim
2309,pongtorn.cha
2310,vorakamol.chi
2311,patcharin.tan
2312,mookmaneewan.pha
2313,chotiga.tha
2314,krittalai.suk
2315,akebundit.wit
2316,kanokwan.sa-
2317,kritsana.mun
2318,kansuda.suw
2319,kuljira.you
2320,jirasak.tha
2321,jiratthitikan.kam
2322,jenjira.phu
2323,chanitikarn.tho
2324,chalalai.pat
2325,nattanon.tha
2326,natnicha.kla
2327,natthawadee.chl
2328,duangkamol.pam
2330,thongchai.kho
2331,thawatchai.cha
2332,thitikan.sri
2333,nareerat.sri
2334,niti.kom
2335,nipaporn.lap
2336,netnapa.cha
2337,piyatida.sil
2338,piyawach.wat
2339,preamkamut.mua
2340,phakamat.sir
2341,pornphan.han
2342,pitsukanya.pok
2344,pinyapat.nan
2345,paradon.sri
2346,montakan.thi
2347,wasana.pro
2348,wimonsiri.tan
2349,sadanun.dee
2350,sirikanjana.kla
2351,suphakit.tum
2352,supakchaya.min
2353,sakuna.pom
2354,sawitee.pho
2355,sukwimol.suk
2356,supranee.kha
2357,suphansa.put
2358,supanun.phe
2359,surasit.kon
2360,saowapa.tub
2361,saowalak.nam
2362,anonglak.foo
2363,anutida.seu
2364,anchalee.sus
2365,anan.sri
2366,ekalak.phe
2367,thitipat.pho
2368,chakkrapan.lap
2369,apinya.pon
2370,kanokwan.noi
2371,kidsadapon.pan
2372,kitiyabhorn.kin
2373,ketmanee.tan
2374,kanittha.kin
2375,jakkree.kha
2376,jantakan.nom
2377,jaruwan.aue
2378,chuthamat.sri
2379,chonthicha.sal
2380,chalida.nal
2381,natdanai.sup
2382,natthaphon.aud
2383,songporn.san
2384,thananat.kah
2385,nalin.sri
2386,nawapun.doo
2387,nisakarn.jor
2388,pathumrat.tha
2389,parichat.jia
2390,pornpimol.sup
2391,phannipha.ban
2392,pacharawalee.won
2393,phenprapha.phi
2394,parida.wan
2395,phanuphong.cha
2396,mongkon.thi
2397,rattanamanee.ple
2398,rattanakon.boo
2399,wongsakon.ban
2400,woraphrt.pho
2401,wanwipa.tum
2402,wanwisa.ang
2403,watsana.sam
2404,winya.daw
2405,vipalaai.sah
2406,wimonwan.mai
2407,sriwisarn.sri
2408,sasi.jan
2409,sunantha.pho
2410,suparuj.put
2411,surapa.sin
2412,anutida.sue
2413,ornpriya.pum
2414,unnop.kud
2415,oatthaphon.pad
2416,aiyawan.nak
2417,kritsada.sar
2418,athorn.rua
2419,kanokwan.suw
2420,prapaporn.wil
2421,puttithon.pac
2422,thanisorn.o-s
2423,athip.sir
2424,chiraphan.saw
2425,kaewta.pan
2426,tattep.sir
2427,ornicha.rak
2428,kanthima.inb
2429,krittima.pho
2430,kritsada.mat
2431,gunyapuch.won
2432,jiranun.ran
2433,chadchawal.pom
2434,nuttawan.cha
2435,tipparat.joo
2436,thanakorn.pho
2437,nunticha.dua
2438,prapamat.sak
2439,praphasiri.sae
2441,pannawit.ink
2442,parisa.sew
2443,pongsathorn.jam
2444,ponlapat.han
2445,pimchanok.dan
2446,peerapol.dah
2447,phattaratip.jot
2448,phanupong.jan
2449,pavinee.tob
2450,muchima.pon
2451,mintra.boo
2452,ratana.pat
2453,rattanaporn.taj
2454,lakkanaliling.aod
2455,wipaporn.rat
2456,sakda.tha
2457,supapit.man
2458,siriwan.sor
2459,supasinee.san
2460,suwanan.man
2461,saowanee.sro
2462,apinan.won
2463,oraya.pan
2464,arawan.sai
2465,artitaya.sri
2466,uraiwan.cha
2467,kornkanok.sri
2468,ketsarin.tin
2469,jitladda.pal
2470,jitsupa.kon
2471,jirawan.paj
2472,chalemporn.pan
2473,chonthicha.khw
2474,taphat.jar
2475,natchaya.mee
2476,natdanai.kal
2477,duangjai-freemee.dun
2478,thanasak.tho
2479,tidarat.boo
2480,teerapat.pos
2481,napharat.pat
2482,nittaya.pha
2483,panutsakorn.nat
2484,pannarai.cho
2485,phimchanok.noi
2486,rattasat.som
2487,rujira.nah
2488,linjong.sia
2489,wannaporn.suw
2490,warisara.wil
2491,sornnarin.won
2492,saranya.pha
2493,siriluck.cha
2494,suphalak.lam
2495,sukontip.non
2496,sudarut.ked
2497,supattra.kos
2498,suphawadee.ban
2499,suwanan.tha
2500,settawut.utt
2501,atitiya.saw
2502,aekkasit.khe
2503,jakkrit.boo
2504,apichaya.kon
2505,chutipong.sae
2506,pimchanok.peu
2507,chonlada.tha
2508,ponlakit.wat
2509,amornrat.jun
2510,kanokwan.pho
2511,chakkraphong.pho
2512,channapha.oua
2513,thiti.ura
2514,natthawut.cha
2515,niraporn.lua
2517,thanaporn.unh
2518,tawatchai.jai
2519,naparwan.pho
2520,naruporn.pan
2522,miss.nis
2523,banlang.pum
2524,boonchanok.jab
2525,pakamad.pla
2526,pirinda.mah
2527,rapee.rue
2528,raphiphan.kha
2529,rungtip.chi
2530,rungtiwa.lue
2531,wichayada.kae
2532,wipa.kun
2533,saranya.pan
2534,sasitorn.dac
2535,siritorn.tho
2536,suphakan.tho
2537,suphawat.pha
2538,sumanattiya.man
2539,amornthep.tho
2540,auchariya.cha
2541,aumaphon.chu
2542,aem.han
2543,apinant.u-s
2544,pattanachai.amo
2545,pawarisa.cho
2546,kamonwan.jin
2547,krittaya.tae
2548,kanyapach.khi
2549,kanthida.mar
2550,kittitana.sut
2551,kunyapass.mut
2552,kasinee.jat
2553,jaturapitpon.sao
2554,janjira.moo
2555,jiraporn.kla
2556,janjira.suk
2557,chanisara.sue
2558,nithinun.cha
2559,duangruthai.sai
2560,thanatip.lad
2561,thayaporn.khl
2562,thanyarat.bua
2563,boontarik.wao
2564,pricha.cha
2565,pitipat.sam
2566,punigar.jar
2567,phayuhaphon.aub
2568,pornpimon.kae
2569,polrawee.pro
2570,pitchayut.pit
2571,pisut.mal
2572,phonchok.pho
2573,phakphum.wit
2574,yuwadee.but
2575,ratchaya.cha
2576,rattanakan.rat
2577,rattanaporn.sor
2578,laddawan.mua
2579,woramol.pha
2580,waratchaya.cha
2582,warunee.bor
2583,visuda.inp
2584,srisuda.som
2585,sirithaworn.dee
2586,siripron.kom
2587,supitsara.dan
2588,sarawut.kae
2589,sarawut.dat
2590,sarawut.jan
2591,sonsnee.chu
2592,sathida.plu
2593,anuntaya.kho
2594,orathai.pon
2595,intouch.pan
2596,nattakarn.suw
2597,pawanrat.tar
2598,theranan.kha
2599,manapas.mee
2600,chatchomphu.rod
2601,anantaya.tri
2602,trirong.bam
2603,pantra.pra
2604,kanokporn.tum
2605,kanokwan.rue
2606,kanthana.man
2607,jarinya.say
2608,janjiraporn.pan
2609,jiratchaya.non
2610,chenchira.sop
2611,chanchai.dat
2612,nicha.kia
2613,disapiwat.win
2614,thanawat.sar
2615,napaporn.pud
2616,nattapon.jan
2617,benjamaporn.jit
2618,benya.kho
2619,prapassorn.pan
2620,piyathida.kae
2621,phongsakon.pau
2622,ploypairin.sam
2623,paerpan.cho
2624,montree.tha
2625,wanpen.kae
2626,vassana.kin
2627,wipawanee.sae
2628,wililux.sin
2629,wilaiwan.pum
2630,sarawut.kli
2631,sunisa.san
2632,supicha.lam
2633,sophatsaphum.kha
2634,arthitaya.lee
2635,natnicha.sat
2637,veerapan.boo
2638,patsuda.tae
2639,kannika.por
2640,kedsuda.kon
2641,jantamas.khr
2642,jirapa.jee
2643,jirawan.wan
2644,jutamas.pra
2645,jetsadaporn.pra
2646,chattida.bun
2647,chutikan.rit
2648,natthawut.lua
2649,tanadon.lay
2650,tanatcha.pla
2651,teerakit.siw
2652,benchaporn.boo
2653,preeyaporn.klo
2654,phadungdech.kha
2655,pannipa.sae
2656,ploy.pai
2657,panchita.ari
2658,rattanapoom.yes
2659,rattana.wil
2660,wanida.cha
2661,warinthip.cha
2662,waowdow.mek
2663,saranya.pat
2664,sattra.mun
2665,sirikran.chi
2666,sirivimol.pol
2667,sudarat.jan
2668,suthut.ink
2669,anirut.thi
2670,anupol.phe
2671,orathai.kua
2672,orawan.yod
2673,uthaiwan.may
2674,usa.sie
2675,jarinya.sit
2676,peeraput.cha
2677,kanokporn.klu
2678,kanitthaka.lak
2679,kittichai.yim
2680,chayanid.poo
2681,chadaporn.sae
2682,salinrat.wiw
2683,nalin.hom
2684,nittaya.dae
2685,pawena.mon
2686,phennapha.ins
2687,phackjira.lah
2688,maveeya.sua
2689,rungfar.kru
2690,watcharaphon.ton
2691,supakorn.pan
2692,sitanan.rat
2693,subandit.suw
2694,suphatcha.sae
2695,ainthira.kae
2696,kamolchanok.pho
2697,daran.sor
2698,thaweewat.cho
2699,benchamas.mun
2700,peeyanat.pat
2701,peerapong.jun
2702,rattana.sri
2703,ratiyakorn.sut
2704,warinthita.mee
2705,siraprapa.kam
2706,supakit.aun
2707,setthasit.pim
2708,somsiri.wis
2709,suthida.bun
2710,suriya.tah
2711,amonrat.bun
2712,orapan.pal
2713,karittha.pan
2714,kitchapach.lao
2715,kanjanarak.sao
2716,chetchada.cha
2717,ritthikiart.kaw
2718,warapon.kok
2719,wiphaphorn.chi
2720,suphawadee.som
2721,aphichai.khu
2722,oratai.man
2723,alisara.kae
2724,ketsadaporn.nat
2725,nattawut.kla
2726,nanthawat.phu
2727,nijjawan.nij
2728,phongsakorn.pra
2729,rapeepat.cha
2730,wutthichai.mah
2731,sirilak.nit
2732,srocha.noo
2733,sutharat.pha
2734,kanittha.kha
2735,kitsada.son
2736,kieattisak.sak
2737,chiraphon.kon
2738,nattaporn.per
2739,nattama.nak
2740,taerdsak.nat
2741,tanyamas.mee
2742,benjamas.mol
2743,piyatip.dam
2744,praewmanee.pos
2745,prawwanit.jak
2746,praewalin.mut
2747,mintra.jen
2748,ramawadee.kha
2749,wathanya.cha
2750,wanita.thu
2751,warakorn.jar
2752,waraporn.mua
2753,wipaporn.but
2754,siriwimol.sat
2755,sirima.lor
2756,sukanya.aon
2757,supaporn.fan
2758,saowalak.pho
2759,juthamas.pra
2760,thamronglak.tho
2761,panya.nak
2762,yupa.pea
2763,wichchakorn.sam
2764,wilaiwan.sin
2765,wisanu.tho
2766,anchaleeporn.lua
2767,nattamanat.lek
2768,arissara.dee
2769,achiraya.tec
2770,jaran.pho
2771,nutthawut.nun
2772,tunyaret.tha
2773,nipapon.kai
2774,maneerat.tho
2775,sukanya.dam
2776,inthira.oon
2777,manasikarn.ans
2778,kanokwan.won
2779,promporn.kru
2780,supakorn.boo
2781,maria.miy
2782,kanyarat.cho
2783,khanpirom.sit
2784,supanut.kun
2785,suparass.mod
2786,sirawan.pan
2787,araya.jai
2788,ratsuda.suw
2789,chonticha.jee
2790,dilock.bot
2791,nalinee.thu
2792,namfon.cha
2793,nethipong.pho
2794,prasitha.sam
2795,piputpong.pas
2796,pawitporn.cha
2797,phanuwat.pae
2798,ladarut.kas
2799,wasan.sir
2800,waitaya.tho
2801,samon.jun
2802,sittipong.vis
2803,surattana.man
2804,akarach.nat
2805,tarisara.gru
2806,chanapob.cha
2807,jutathip.kae
2808,chutima.hom
2809,tichanon.pat
2810,tharathap.rut
2811,pathumphon.sun
2812,priyaporn.kwa
2813,pawarit.noo
2814,panisara.ton
2815,parichat.see
2816,piyaporn.cho
2817,pramkamon.kla
2818,pussakorn.oon
2819,rapeepat.kha
2820,waruenada.kon
2821,wacharasak.juk
2822,sineenad.boo
2823,suphansa.san
2824,supattra.sut
2825,surabodin.kha
2826,souwalak.kan
2827,kanokwan.sor
2828,kewalee.boo
2829,chakkaphan.non
2830,jinnawat.sua
2831,jidapha.ban
2832,chadaphon.nak
2833,chaimongkhon.inp
2834,thanakon.cha
2835,teerawat.won
2836,naphatsawan.som
2837,nampon.kan
2838,nussaba.mae
2839,boriraj.ria
2840,piyanat.suk
2841,phakawan.wan
2842,panadda.pra
2843,patchanida.jan
2844,wuthichai.sin
2845,siriwan.chu
2846,sila.jir
2847,samaporn.sri
2848,sukanya.jan
2849,suttida.khr
2850,sutach.cor
2851,yadnapa.ims
2852,hassadin.dum
2853,angkana.cho
2854,arriya.sua
2855,areeya.suk
2856,akkachai.mal
2857,nanthipat.nea
2858,chaiwat.phu
2859,sakonkorn.utt
2860,jakkrapong.int
2861,tuwanon.pad
2862,kamonwan.sam
2863,thawatchai.bua
2864,rachawadee.cha
2865,natthawat.sil
2866,sanong.aro
2867,kanjana.mar
2868,nuttanich.ang
2869,tanakorn.bua
2870,nantawit.bud
2871,namtip.ket
2872,nichanan.pre
2873,baramee.jar
2874,pimprapat.pol
2875,pheeraphon.sod
2876,phatchara.cho
2877,maneerat.rot
2878,ratchada.iea
2879,warinya.pho
2881,supachai.pra
2882,saharat.rue
2883,sujitra.had
2884,supaporn.sur
2885,souwanee.tho
2886,in-tuoon.pon
2887,utsanee.pua
2888,teerawat.pim
2889,kunyapak.tha
2890,kanyarat.suk
2891,kittisak.sin
2893,nattakan.wae
2894,nipaporn.sis
2895,phonphichet.iem
2897,poranee.wat
2898,panumas.kea
2899,phanicha.dee
2900,mavalee.sri
2901,ramida.sri
2902,wachchirawut.nga
2903,wirunya.jan
2904,wiraya.hoe
2905,siriwan.won
2906,sitthipong.hor
2907,suttharak.hum
2908,saengdao.wit
2909,adisak.nia
2910,apinya.kan
2911,kanlayanee.sur
2912,thanapat.mon
2913,jakarin.a-s
2916,jomwarang.kus
2917,somphong.thu
2918,poraya.sam
2920,matinee.dua
2921,supaporn.pin
2922,sunan.tha
2923,kanyapak.udo
2924,kittikun.khu
2925,khanitta.bok
2926,jaruporn.lao
2927,jenjira.won
2928,chenchira.wic
2929,chonlata.thi
2930,chonthicha.pat
2931,tassana.aro
2932,thidarat.sri
2933,pornchai.san
2934,panpaporn.man
2935,pannipa.kae
2936,phisamon.bud
2937,pattaraporn.kin
2938,marut.jen
2939,marisa.won
2940,wutichai.chi
2941,sarawoot.udo
2942,sirikhwan.kha
2943,sirilak.nam
2946,somruthai.suk
2947,suda.sri
2948,sutanya.sih
2949,anuchit.pha
2950,aornwipa.son
2951,onuma.tho
2952,amphaporn.san
2953,areerat.ham
2954,thanwarat.jot
2955,kanniya.san
2956,kritsana.sin
2957,kritsana.pon
2958,kantaphong.pho
2959,jitrawan.pon
2960,chotirut.fee
2961,natthakit.cha
2962,tonsak.kam
2963,thongchai.khl
2964,tanchanit.rak
2965,naphatsaphon.lak
2966,nanticha.sri
2967,parinya.san
2968,panyada.jam
2969,manop.san
2970,wilawan.cha
2971,werawat.raw
2972,sasiphapa.cha
2973,sorasak.kha
2974,homkai.tho
2975,alin.sil
2976,oakkhadeth.aub
2977,anchalee.man
2978,nuttapon.ary
2979,sasima.jan
2980,alongkorn.khu
2981,patthawee.saw
2982,jitapa.jar
2983,sasawat.mas
2984,ekachai.pha
2985,pinpinath.pon
2986,sumet.bua
2987,jirapa.khe
2988,peerakorn.pra
2989,theeranat.sre
2990,kanokwan.pak
2991,kanakwan.won
2992,kamonnet.lue
2993,kantinan.sin
2994,kanlaya.tho
2995,kariked.phi
2996,kwanchnok.cha
2997,chadaporn.dil
2998,chotnapha.lal
2999,duangkamon.pua
3000,dit.kon
3001,tatiyaporn.kon
3002,tiwaporn.sri
3003,nantawat.tho
3004,nishanan.yae
3005,nisachol.sri
3006,nutchnat.pir
3007,bussaklon.kla
3008,budsayamas.sop
3009,patimapon.pan
3010,piyatida.pan
3011,piyawan.kud
3012,praiya.san
3013,pimpakan.lau
3014,peangporn.som
3015,monthiya.sri
3016,yutthakan.tho
3017,yupin.han
3018,lattaporn.min
3019,watanyu.tip
3020,wannisa.han
3021,wasurat.tae
3022,vayuwan.ons
3023,wasitthi.sut
3024,vitvasin.hom
3025,wuttikrai.kan
3026,sanisa.nak
3027,sasicha.jan
3028,sirigool.yok
3029,sirinan.min
3030,sinlapachai.sai
3031,sedthawut.pho
3032,sroyphet.phu
3033,saharat.yap
3034,sirikwan.dee
3035,sukanya.mal
3036,suthita.kra
3037,suthinee.sur
3038,supannee.kha
3039,anunya.kas
3040,auttapon.chu
3041,alinphisa.som
3042,arreerat.hin
3043,petch.wan
3044,kusuma.sil
3045,jaruwan.tho
3046,jittanan.non
3047,chanita.cha
3048,nadtathida.pin
3049,natthiwut.kra
3050,dungjai.tee
3051,tanatat.pha
3052,thanakon.bua
3053,thitiwan.bua
3054,natthicha.cho
3055,methi.kos
3056,phanthicha.sat
3057,pavinee.jae
3058,mintra.phi
3059,yupapin.vor
3060,waraporn.kha
3061,warunee.kit
3062,sarunya.ang
3063,sirayakon.ins
3064,sirinda.hir
3065,suchada.pha
3066,sunisa.thu
3067,saowaluck.phe
3068,aniwat.sin
3069,outaiwan.cha
3070,jettawat.kon
3071,sirima.low
3072,pattamon.suk
3073,worawit.yue
3074,natapon.won
3075,kritsana.cha
3076,piyaporn.hon
3077,jongkochakorn.tav
3078,jakkapun.san
3079,natchanipat.kla
3080,phantira.kae
3081,nut.pon
3082,angkrit.boo
3083,thunwarat.sri
3084,kanokporn.pha
3086,krittiyaporn.non
3087,kwekan.kur
3088,kanyarat.dan
3089,jatupong.sri
3090,chirawan.thi
3091,chutamas.che
3092,chansinee.cha
3093,chanyarat.jam
3094,chanon.kae
3095,chalisa.mah
3096,natthanicha.loi
3097,duengpon.yok
3098,thirathana.sri
3099,thanet.pan
3100,thanchanok.nua
3101,napaporn.kha
3102,nalinee.kra
3103,nadjawa.mil
3104,namfon.nga
3105,nuchanart.kit
3106,porramin.bua
3107,praphatsorn.san
3108,pannathorn.sil
3109,piyanad.kam
3110,pongsakorn.yot
3111,patcharaporn.phe
3112,paradorn.jun
3113,phuthanet.tap
3114,phoom.bat
3115,marisa.pho
3116,mintra.pra
3117,waraporn.poo
3118,suphachok.hon
3119,siripom.kon
3120,suttida.dap
3121,sutisanon.poo
3122,supranee.eia
3123,surachet.phi
3124,surin.aut
3125,saowarak.pah
3126,anucha.jan
3127,apinya.jon
3128,apinya.aup
3129,amornrat.tom
3130,intira.tal
3131,umaporn.sin
3132,rattana.lao
3133,kanokwan.kot
3134,kewalin.yup
3135,khunjira.bin
3136,chonthicha.min
3137,chosita.bab
3138,thitikorn.pak
3139,natcha.won
3140,theerawat.pra
3141,naremol.suk
3142,natthawat.cho
3143,nootsaba.riy
3144,parichat.jan
3145,piyakan.rom
3146,parit.cha
3147,wattanapong.kon
3148,supavich.sut
3149,panumat.iem
3150,napanod.wan
3151,waranya.mee
3152,thongthong.lut
3153,takrit.yot
3154,padsorn.som
3155,kittiton.saw
3156,jittima.oun
3157,chaiya.pro
3158,narantri.chi
3159,benchaporn.chu
3160,panida.pan
3161,mallika.kon
3162,wanvisa.suw
3163,anucha.pli
3164,orn-arun.pal
3165,angsumaree.boo
3166,apiwit.ang
3167,naratip.khr
3168,elle.san
3169,tanyaret.mua
3170,janisra.lat
3171,nattida.akk
3172,nataporn.tae
3173,nonglock.sae
3174,narinthorn.kha
3175,premjit.int
3176,phareunart.kal
3177,phasuk.dav
3178,pichaya.saa
3179,pimchanok.cha
3180,phattharaphon.wia
3181,saranya.cha
3182,saricha.aya
3183,jatupee.ins
3184,titaporn.som
3185,maythawee.nut
3186,wasupon.set
3187,thotsaporn.pan
3188,kingfang.pea
3189,wipaporn.dan
3190,oubaur.ler
3191,prawit.jai
3192,kanokporn.kli
3193,kanokoon.kha
3194,konlawat.kwa
3195,kraisorn.sat
3196,khatawut.mal
3197,kunnapas.jan
3198,jimmy.kan
3199,jirawan.pha
3200,chonlada.but
3201,chonthicha.jua
3202,chiwaphorn.lap
3203,chutima.sao
3204,natchaya.lap
3205,nattapong.cho
3206,tinakon.int
3207,thanakit.tha
3208,phatinya.pey
3209,phakhawat.nar
3210,rakchanok.mai
3211,voraphol.wir
3212,wannipa.cho
3213,sirinya.wan
3214,suchada.kha
3215,sutapat.pat
3216,suphaporn.bup
3217,sureewan.kho
3218,nueng.por
3219,atittaya.ruk
3220,apinya.bun
3221,thanchanit.lea
3222,subhawichaya.san
3223,eknapat.lue
3224,punika.piy
3225,tanutpong.tho
3226,hataipat.pua
3227,noppakan.pan
3228,sasa.sak
3229,kanokwan.pua
3230,kamonthip.bia
3231,kiattisak.eia
3232,khanitta.sae
3233,kwanchai.cha
3234,katdara.puc
3235,jarinya.boo
3236,jittaya.bun
3237,chindarat.kha
3238,jiratida.tho
3239,jutamas.nil
3240,chalermkeit.utt
3241,chalermchon.sin
3242,chanokwanan.saw
3243,natthakan.dua
3244,nattaporn.kan
3245,nutlada.inp
3246,natthawut.lue
3247,naruecha.kli
3248,nattaya.ton
3249,nitiyawat.wan
3250,prempreeda.piw
3251,pongsan.won
3252,pannida.pho
3253,bhornwipa.sri
3254,promsiri.pil
3255,patcharin.jai
3256,phatharasaya.san
3257,paradee.dun
3258,phuwanat.hua
3259,maliwan.sae
3260,munintorn.aia
3261,ratchadaporn.phe
3262,ratchadaphon.san
3263,wannaporn.boo
3264,varatthanan.yod
3265,wipawee.mak
3266,wilailak.mua
3267,sornsiri.sis
3268,sompan.boo
3269,sarocha.vis
3270,saifa.arl
3271,suchada.kes
3272,sudarat.par
3273,sudawan.phu
3274,sutham.sun
3275,suphawadee.thi
3276,aphithiya.nim
3277,aphisit.kam
3278,araya.toe
3279,arnon.man
3280,eakkapat.dee
3281,kretaphol.kha
3282,kittatham.kaw
3283,kantinan.wia
3284,kilaphon.tal
3285,kawannapa.kla
3286,khanison.sum
3287,chayarat.mon
3288,jirutchaya.ker
3289,jirayu.tho
3290,jutamas.kae
3291,jetchai.yin
3292,cholthicha.sar
3293,charut.sae
3294,chakhit.vin
3295,thikamporn.nin
3296,duangrudee.den
3297,sapsathit.suk
3298,thipsuda.han
3299,thanida.nan
3300,thunyalak.tho
3301,nanthaphong.dae
3302,nipawan.chi
3303,nisanad.bun
3304,netiphong.sri
3305,netipong.soh
3306,boontharika.pan
3307,benjarong.kus
3308,benjawan.kru
3309,piyanuch.anb
3310,pongsard.cha
3311,ployailin.won
3312,phitsanu.amk
3313,petcharaporn.hae
3314,laddawan.cha
3315,waranya.sod
3316,wilas.yoo
3317,wilaiporn.nut
3318,wenita.udo
3319,sarun.det
3320,siriluk.kam
3321,suphisara.don
3322,sawittree.wor
3323,supasit.poo
3324,suwimon.rad
3325,anusin.jan
3326,aumnad.cha
3327,umaporn.jai
3328,haizin.sun
3329,kanit.cha
3330,chayanee.bin
3331,suteetida.son
3332,wongsatorn.suw
3333,nutnicha.sit
3334,thiramanus.tit
3335,ratchapon.bon
3336,patipan.gak
3337,passaranun.pae
3338,poonnavit.chi
3339,napaporn.var
3340,piriyakorn.out
3341,jatuporn.sea
3342,nitiwat.cha
3343,kanokwan.cha
3344,kanyanee.jum
3345,kitiya.kho
3346,khwanchanok.bua
3347,jaturaporn.tho
3348,jarinya.ker
3349,jaroonwit.cha
3350,jiraporn.say
3351,chulahrat.tha
3352,chayanich.kam
3353,chompunut.pec
3354,thanika.cha
3355,natcha.che
3356,natthayakon.phi
3357,noppharut.pro
3358,nassima.pho
3359,nanthiya.pra
3360,nidanut.sri
3361,benjawan.seu
3362,pudtima.won
3363,pachareeporn.kae
3364,pattranit.kha
3365,phinyaphat.pak
3366,woranuch.pae
3367,wasinee.pra
3368,watchara.man
3369,witsanu.sin
3370,wisuda.pos
3371,weera.shi
3372,sasithorn.kro
3373,sithichok.nik
3374,sirawan.tan
3375,sukanya.hon
3376,suthanya.som
3377,suthida.lao
3378,sutheera.sri
3379,apisit.son
3380,onanong.kli
3381,oniriya.was
3382,uratsaya.kra
3383,warawut.cha
3384,jariya.suw
3385,thanathong.tho
3386,kampanat.usa
3387,tanutcha.kar
3388,gunchuda.sod
3389,sirilak.sae
3390,chotika.tha
3430,kanokporn.add
3431,kritsana.soo
3432,kritsada.lak
3433,khajeenut.pho
3434,khanittha.tha
3435,janista.put
3436,jakkaphan.kan
3437,jitmanee.cho
3438,jettarin.joy
3439,chatchaya.uth
3440,chatchawan.see
3441,chutima.mat
3442,nattatree.nic
3443,daowhathai.jir
3444,tawanchay.fai
3445,thanaporn.sud
3446,thanayut.anu
3447,nawapan.ins
3448,nattanee.tho
3449,nantatchaporn.won
3450,nitradee.cha
3451,nipaporn.onk
3452,bunsiri.sar
3453,patiwet.rab
3454,papawadee.kon
3455,primjamin.pan
3456,pankhuan.phi
3457,punnawit.yen
3458,patcharaporn.suw
3459,patcharaporn.tha
3460,pittayatorn.boo
3462,penphayom.pho
3463,passara.nuc
3464,phoommiphat.hon
3466,minta.int
3467,yonradee.sap
3468,rattanaporn.pim
3469,ladda.pho
3470,wanthai.chu
3471,wannapa.ons
3472,wananong.yim
3473,waranya.sri
3474,watchara.tod
3475,watsaya.pho
3476,wirairat.run
3477,wissanu.cha
3478,saranya.boo
3479,srikanda.kon
3480,saksit.aru
3481,supawan.khu
3482,sopin.buc
3483,sirichot.the
3484,suprani.tub
3485,supalak.nao
3486,suwimon.pan
3487,apitsara.pin
3488,amontep.sie
3489,oakkhadet.jan
3490,artidtaya.wic
3491,chalinee.kae
3492,matupoom.cha
3493,arnicha.mic
3494,chaimongkol.kan
3495,udomsak.mak
3496,purin.tad
3497,nitikon.wic
3498,narawit.pat
3499,wasan.sen
3500,thanwa.cho
3501,naruemol.chu
3502,thornthan.inl
3503,patipan.pen
3504,siriwan.pra
3505,ekawat.chu
3506,kanokwan.cha
3507,krissana.lie
3508,kittiwut.orn
3509,kanitta.suw
3510,jaratrawee.hoi
3511,nutcha.tha
3512,treethipyanipa.cha
3513,teerapat.int
3514,naratip.yod
3515,nantapak.aka
3516,namphueng.pha
3517,piyathida.cho
3518,pongsakorn.yod
3519,pornnoppadon.dud
3520,pimpilai.plu
3521,phatpitcha.ton
3522,phanuphong.cha
3523,pavadee.boo
3524,ramida.tha
3525,luksana.aie
3526,luksika.cha
3527,wachirawit.tha
3528,vinai.kan
3529,wimolsiri.net
3530,wimonsiri.sae
3531,sirilak.nam
3532,sukanya.kan
3533,supannee.hon
3534,supattar.rod
3535,supawadee.yub
3536,surangkana.jan
3537,sophita.ras
3538,amonrat.kam
3539,ornanong.cha
3540,oranuch.kin
3541,ekkawit.tik
3542,sutatta.tun
3543,waranya.pat
3544,boripat.chu
3545,chalisa.tha
3546,chatphimuk.sup
3547,krerkpon.pra
3548,assachan.sin
3549,rattanakorn.don
3552,thanawat.phe
3553,chairat.pak
3554,kotchakorn.nam
3555,kollawat.sok
3556,kawinthida.kon
3557,chatuporn.tai
3558,chutima.amm
3559,janejira.pra
3560,chatdanai.tha
3561,nattaporn.nan
3562,natthaphat.yot
3563,nontad.ple
3564,napakorn.kid
3565,nattamon.sua
3566,niramon.pho
3567,patthama.int
3568,phiraphat.rat
3569,putchawan.sua
3570,paisit.rad
3571,marisa.che
3572,siriapa.tho
3573,siriya.but
3574,sukrit.tim
3575,apiwat.zas
3576,amornrat.khr
3577,ancharin.rea
3578,airatda.kun
3579,sirirat.aup
3580,siripat.sir
3581,lapat.pat
3582,kansuda.wed
3583,nobphadon.tha
3584,masada.hir
3585,nitipoom.som
3586,charinya.pha
3587,chutiphat.phu
3588,thiraphon.kha
3589,natchanun.jan
3590,benjawan.ang
3591,pawinee.tak
3592,rungtawan.sea
3593,weeraphon.pat
3594,apinya.cha
3595,arporn.phu
3596,napat.asa
3597,siriwat.kob
3598,piyachanin.tad
3599,chanikan.jun
3601,kasama.san
3602,kingkaew.kae
3603,chadaporn.mat
3604,titichaya.pro
3605,natkanok.jam
3606,natthanicha.pay
3607,natthanon.ket
3608,doonya.bin
3609,thananan.sai
3610,thanapong.boo
3611,nimit.ars
3612,nilawan.jan
3613,panatchakorn.pho
3614,pinit.son
3615,phatcharawadee.kho
3616,phatsiri.bun
3617,manirat.pom
3618,worachet.see
3619,siraprapha.tri
3620,surasak.sre
3621,anapa.rat
3622,itti.sra
3623,thanabordee.wic
3624,pannaporn.ket
3625,thanawat.yul
3626,waris.hom
3627,kanokporn.rit
3628,khuanjit.kea
3629,khemmatat.ton
3630,janjira.sin
3631,jirapong.aus
3632,thanatcha.int
3633,thanyachanok.boo
3634,thidaporn.pho
3635,nalinee.lah
3636,nawiya.phu
3637,nuttiyakorn.pha
3638,bodee.san
3639,prapapun.kru
3640,prichat.bun
3641,priyanut.nue
3642,padcharapa.jar
3643,patcharin.mun
3644,phatcharin.phi
3645,phatchaphon.cha
3646,pattarawadee.kho
3647,rattasat.dee
3648,ruengnon.ung
3649,wanlayaporn.sae
3650,wichuda.gar
3651,satawat.sir
3652,supachok.won
3653,sujutra.ams
3654,sutiporn.yol
3655,anuntaya.hun
3656,aphichat.cha
3657,apisit.kae
3658,aintira.ain
3659,irada.kin
3660,kotchanan.yuj
3661,kaewthiya.kha
3663,phrom.sri
3664,phoom.sri
3665,nuttaporn.pha
3666,natnicha.cha
3667,paveenrat.pat
3668,pawares.pui
3669,pichayut.poo
3670,siwakhon.cho
3673,jenjira.jod
3674,yotwadee.kre
3675,suttida.tan
3676,kanyarat.int
3677,sasiprapha.bur
3678,taratorn.ler
3679,wanida.dan
3680,jittima.sar
3681,ratchaneekorn.soy
3682,aphinya.som
3683,busakron.sir
3684,arphaporn.wee
3685,panjawit.nar
3686,kawinnat.phe
3687,warissara.nua
3688,supanat.kot
3689,santisuk.noi
3690,supatta.see
3691,phakamas.mee
3692,rungthida.det
3693,montree.gan
3694,potchara.sri
3695,chadok.tip
3696,paphawarin.aut
3697,surasake.pro
3698,chanakan.ruj
3699,natthakran.nan
3700,paweena.pin
3701,supitchaya.see
3702,thanchanok.run
3703,supawadee.boo
3704,arunya.wet
3705,anucha.pha
3706,atittikhun.soo
3707,chomphoonooch.khu
3708,kalyarat.pho
3709,waraya.son
3710,ailada.mai
3711,somruetai.kac
3712,janita.cha
3713,pornchita.ims
3714,pasakorn.tho
3715,suphawan.nom
3716,phirawich.cha
3717,wannapa.lao
3718,kaewkanya.see
3719,pannatad.pin
3720,soraya.nam
3721,watcharawee.por
3722,auntiga.ins
3723,jittakon.tas
3724,thanyasiri.kha
3725,supattra.won
3726,arthit.sud
3727,achara.pro
3728,napaporn.nar
3729,puttipong.but
3730,jenjira.sue
3731,duangkamon.amp
3732,yaowalak.mit
3733,anongnart.pon
3737,kanita.inc
3738,nathapong.pit
3739,guntiga.gin
3740,poramed.pro
3741,settapong.hon
3742,kasama.sai
3743,suwipa.khe
3744,sasithon.jan
3745,amornrat.yut
3746,namfon.cha
3747,phornsupa.joo
3748,chattanun.amo
3749,wilawan.sri
3750,areenut.cha
3751,piyawit.tab
3752,sahatchai.sur
3753,ruttasat.thi
3754,namintra.pim
3755,klommawan.wis
3756,pichakorn.bua
3757,naremon.kum
3758,kwanrudee.pal
3759,suphawida.mon
3760,chatchawan.cha
3761,patsara.nat
3762,namtip.kum
3763,aranya.som
3764,duangnapa.pho
3765,phannawadee.phu
3766,siriluk.sri
3767,jutharat.nak
3768,preeyaporn.mus
3769,sansiri.aim
3770,eakkalak.phi
3771,sakuna.sro
3772,jiraporn.sri
3773,nitikorn.sri
3774,kawintra.sri
3775,chakkraphan.nop
3776,kanokporn.jor
3777,suwit.roo
3778,sasawat.ter
3779,thanjira.tha
3780,natcha.kun
3781,ratchanon.pra
3782,taddaw.sae
3783,jinnipa.ket
3784,chatree.tha
3785,pakpoom.dee
3786,wasin.chu
3787,ratrudee.kha
3788,athipat.thi
3789,thanakorn.hop
3790,ratree.tab
3791,karin.suk
3792,tanawat.sri
3793,anusit.sat
3794,phuttrawadee.sur
3796,pawapol.ben
3797,apiwit.wic
3798,charuphat.chi
3799,tanittha.kae
3800,narong.bat
3801,kittika.nil
3802,sorawis.akk
3805,boonyanit.thi
3806,sunaree.kam
3807,kanyaphak.boo
3808,jiraporn.pet
3809,tayach.ton
3810,siriwan.sri
3811,peeraponl.khl
3812,wonkwachira.sri
3813,manlika.boo
3814,wanatchaphorn.phu
3815,pitsanu.mat
3816,thanittha.kha
3817,sansanee.mee
3818,waraporn.run
3819,ananya.cha
3820,wannapa.hen
3821,taweesak.kat
3822,chanapit.kue
3823,phakhin.pho
3824,thanyalak.yen
3825,chananya.nir
3826,siriluk.sue
3827,watcharaporn.sri
3828,monthicha.sae
3829,amonrat.mal
3830,natkritta.sam
3831,natthida.won
3832,saowalak.pal
3833,janyaporn.lou
3834,phanuphon.saw
3835,jarern.sak
3836,araya.aie
3837,nuttapon.was
3838,donlaya.boo
3839,sahussawat.kit
3840,panomporn.boo
3841,siravish.kri
3842,wimolrat.wan
3843,phatthana.pha
3844,chotika.cha
3845,supansa.kit
3846,sureeporn.tho
3847,supattra.pal
3848,kallayarat.kha
3849,patcharapa.nuc
3850,thanawan.pun
3851,sunisa.anu
3852,pramot.pha
3853,nakarin.san
3854,phatipan.som
3855,sunisa.non
3856,sirirat.rup
3857,natthapha.wan
3858,nattapun.kle
3859,suttipan.pro
3860,piyanut.non
3861,preeyanuch.nai
3862,natthathida.sai
3863,sarawut.kra
3864,theerapong.pon
3865,supasin.vir
3866,yupavinee.sal
3867,sirikan.sai
3868,nittaya.sih
3869,supisara.man
3870,patcharaya.sur
3871,thanya.aph
3872,sutima.pho
3873,pantawat.pue
3874,wiparat.kho
3875,thitipa.tho
3876,kanchana.kut
3877,katamas.cho
3878,thitikorn.cho
3879,maneenuch.won
3880,nantapon.cho
3881,pojjana.tha
3882,donlapaporn.pue
3883,thanyarat.kla
3884,netnapa.kam
3885,nitaya.aon
3886,niracha.som
3887,pongsaton.bun
3888,rattana.dua
3889,veerachat.pro
3890,surachate.tak
3891,nichkamol.poo
3892,kittiyaphon.pha
3893,junjira.sia
3894,chonthicha.tee
3895,wimonthip.mah
3896,natamon.the
3897,nuttamon.pil
3898,nipha.ket
3899,werapat.kla
3900,sirilak.tho
3901,daraneenut.boo
3902,kullatida.sri
3903,haruethai.jak
3904,ornanong.arm
3905,pritsana.boo
3906,tadsaran.ouy
3907,butsaba.sar
3908,thanaporn.nob
3909,wanida.jan
3910,sunita.run
3911,napassawan.cha
3912,preeyaporn.sae
3913,woranuch.sup
3914,parichat.pun
3915,ploykaew.suk
3916,saksit.hlo
3917,ruttawoot.tha
3918,areewan.aia
3919,ruethaipat.tha
3920,waravut.aek
3921,kanokporn.see
3922,kanlayarat.pra
3923,suparat.pan
3924,chanchay.aem
3925,sirirat.hom
3926,jirapinya.see
3927,piyathida.say
3928,chatchai.boo
3929,chonnapa.sin
3930,paritchaya.kla
3931,natthawadee.tha
3932,jenjira.som
3933,duangkamon.pha
3934,wanwisa.suk
3935,aekarath.sam
3936,taweekiart.nga
3937,nakharin.nut
3938,panithi.yuw
3939,parinya.kla
3940,apatsara.mua
3941,ongart.phr
3942,wanida.tei
3943,wiriya.tha
3944,worrachai.som
3945,apassara.jek
3946,thidarat.tae
3947,wiranyupa.rat
3948,supatcha.sri
3950,sarid.kan
3953,kittinun.yen
3954,kittiphon.pak
3955,jittirut.mat
3956,krit.pia
3957,jeerasa.oan
3958,natthaphon.cha
3959,supanat.kho
3960,charisa.sut
3961,chuttima.cha
3962,suphalak.khu
3963,pattarapol.pla
3964,yanisa.jae
3965,tippawan.sri
3966,saranchana.ana
3967,thanatporn.net
3968,nontanan.tho
3969,panya.sew
3970,rapeeporn.puk
3971,sununta.boo
3972,prathinya.sar
3973,saksit.phu
3974,itsariya.cha
3975,parichart.tha
3976,kemika.sin
3977,rungtiwa.ngo
3978,warisa.han
3979,waraporn.kun
3980,onanong.onr
3981,warunee.noi
3982,sawitree.sri
3983,suchanya.cha
3984,supattra.sri
3985,udomsak.dac
3986,sumittra.cho
3987,athiam.the
3988,arthit.pen
3989,damrongsak.pli
3990,chanunpat.chi
3991,nanthanaphon.yue
3992,wiparat.yam
3993,supatuch.rit
3994,kanokkan.tha
3995,chayanan.kae
3996,rawipa.ban
3997,kanyarat.boo
3998,thanapon.pha
3999,kanyarat.boo
4000,chalermpol.suw
4001,jidapa.cho
4002,nuntanuch.phu
4003,chadachon.sud
4004,chanikarn.kun
4005,nalita.cha
4006,chayan.sam
4007,narongdech.bou
4008,rasida.int
4009,warisara.nog
4010,aukkarapol.kam
4011,hutsadin.boo
4012,natchapat.see
4013,nutnicha.cha
4014,supamas.pak
4015,peerapat.mar
4016,phannipha.yua
4017,mintra.sri
4018,watcharapol.mua
4019,metee.jun
4020,siraprapa.sue
4021,supharat.min
4022,phetnamphueng.cha
4023,sudarat.pon
4024,hatairat.kos
4025,rungfa.won
4026,patcharapon.sam
4027,siriyaphon.bun
4028,thanathat.sun
4029,paweenuch.sur
4030,sorawit.sin
4031,chanyaporn.pen
4033,kritchanat.sir
4034,niracha.won
4035,poramed.boo
4036,apinya.sap
4037,areeya.jul
4038,monthon.khu
4039,patcharee.pun
4040,dechthana.thi
4041,somruedee.sat
4042,gantana.ard
4043,waraporn.chi
4044,panuchanat.pas
4045,apatsorn.jan
4046,netima.chu
4047,wararat.onw
4048,chawanwit.sam
4049,natthida.pra
4050,pakornkiat.kae
4051,suchanan.bun
4052,rattikan.jan
4053,sonchaikai.kal
4054,jiramate.hac
4055,thanakrit.ton
4056,napapat.pat
4057,krittayoch.ser
4058,nantana.niy
4059,avalee.doo
4060,supaluk.tho
4061,koradon.see
4062,rungarun.jui
4063,chutima.som
4064,sasithorn.sar
4065,akkarawat.tam
4066,jaruwan.poo
4067,puridach.sre
4068,beer.pin
4070,patavee.tha
4071,paris.but
4072,jiratchaya.jes
4074,daranee.pai
4075,kulanai.cha
4076,sunita.yoo
4077,fonthong.san
4078,ganyarat.nar
4079,warunee.tan
4080,keattisak.hin
4081,nantachai.tha
4082,kandarat.bap
4083,patchara.suk
4084,supaporn.pia
4085,nuntakorn.dou
4086,natanicha.sam
4087,nantiya.dec
4088,kanittha.tat
4089,yutthachai.wan
4090,pirapon.thi
4091,chotika.plo
4092,plabplung.mar
4093,supachai.boo
4094,thanachot.sae
4095,waranya.cha
4097,lalita.suw
4098,warisara.kae
4099,thanakrit.sae
4100,teeramase.sri
4101,patcharika.kae
4102,phatsakon.bua
4103,vipada.yat
4104,komsan.cha
4105,bussarakham.kon
4106,doungnapha.jan
4107,waraporn.boo
4108,pechara.see
4109,jintana.pak
4110,rachanon.kum
4111,nattapong.nok
4112,poomipat.poo
4113,sasithorn.koo
4114,jirwan.bua
4115,siriporn.sin
4116,pornchanit.rat
4117,sunisa.but
4119,patipan.pho
4120,sakarine.ted
4121,wannapa.cha
4122,kamontip.aso
4123,phattanee.phi
4124,phonlawat.kar
4125,wanida.kon
4126,kittiyakorn.sut
4127,duenpen.tri
4128,piyawat.mos
4129,chittriyaphon.sov
4130,thararat.kho
4131,duangkamon.sab
4132,nutchareeporn.chu
4133,wongsathon.cha
4134,siriwan.nar
4135,thanawat.rie
4136,paisit.bun
4137,chiranan.tho
4138,supatta.pho
4139,piyanut.pan
4140,rawipa.pho
4141,kanokwan.suk
4142,noppon.kut
4143,issares.bua
4144,suwipa.jun
4145,nawapron.sia
4146,arna.che
4147,sunisa.tha
4148,weeraphat.sri
4149,theeranan.kan
4150,aekkapak.san
4151,thitaree.dan
4152,nanthaphat.suk
4153,porawee.tho
4154,ananya.rak
4155,siriluk.aem
4156,chetsadakorn.sir
4157,warunee.nam
4158,kethida.sin
4159,suniramon.jan
4160,suphanan.boo
4161,jiravin.tip
4162,aekkaphun.lnt
4163,thanawan.tho
4164,nakarin.pho
4165,pattaramon.tha
4166,sakarin.pat
4167,panida.kan
4168,nakarin.cha
4169,rewadee.sae
4170,thanaporn.lal
4171,panadda.wan
4172,dollachai.thi
4173,mueanfan.the
4174,pakkaphong.jom
4175,supranee.nat
4176,jirasya.man
4177,phodchanat.poo
4178,suparb.wic
4179,narong.won
4180,waraporn.tub
4181,siwakan.aud
4182,kanchanathat.tay
4183,chonnipha.tha
4184,laddawan.ban
4185,yossatorn.nut
4187,peeranuwat.cho
4188,amornrat.nga
4189,chatchapong.kom
4190,sirisuda.pan
4191,suebsai.san
4193,ariya.plu
4194,anuttree.sup
4195,jirawat.cha
4196,minn.moe
4207,panitta.jar
4210,pat.sir
20000001,kathawut.jan
20000002,malinee.san
30000001,noppawan.sal
30000002,chinnapat.kha
30000003,pariwut.cha
30000004,sarathip.tec
30000005,sothon.kal
30000006,jintadanai.pim
30000007,siriluk.cha
30000008,ekkasit.ler
30000009,dumrongkiet.pra
30000010,punyanuch.wan
30000011,kitsana.sap
30000012,thawatchai.cha
30000013,walanpat.yod
30000014,chaleamsuk.sre
30000015,chanatan.sri
30000016,abbas.kha
30000017,supasit.sir
30000018,apirat.par
30000019,apisit.tha
30000020,thitiwut.kra
30000021,janebhop.saw
30000022,weerapatra.cha
30000023,wichada.pro
30000024,kittithat.boo
30000025,sudarat.kul
30000026,suwimon.kom
30000027,panisa.pan
30000028,sittiporn.lek
30000029,watcharagorn.may
30000030,nichapa.cho
30000032,panupun.see
30000033,teerapat.lar
30000034,somsin.onw
30000035,rungnapha.kon
30000036,nattapan.mee
30000037,paingruthai.sav
30000038,nuttaporn.cho
30000039,satrawadee.pre
30000040,patiwat.kam
30000041,nitipat.sut
30000042,dabassawin.akk
30000043,phumrawit.nop
30000044,supatcha.kit
30000045,sarayut.sir
30000046,pongpon.jan
30000047,sukhato.won
30000048,titichaya.bun
30000050,saksit.sri
30000051,phatchara.sae
30000052,suphawat.nak
30000053,warayut.suw
30000054,chawalit.thu
30000055,salisa.jin
30000056,ratiporn.tha
30000057,worakan.jai
30000058,norrapat.sri
30000059,supanit.sup
30000060,arunya.kas
30000061,nattawadee.kon
30000062,sirin.chu
30000063,pheerakarn.tan
30000064,ninthawat.mar
30000065,anan.chi
30000066,jariyaporn.cha
30000067,sarawut.cha
30000068,adisorn.suw
30000069,pakjira.asv
30000070,suthasini.por
30000071,wacharaporn.kum
30000072,jutamas.jun
30000073,jirapon.jun
30000074,patomporn.sud
30000075,peerapon.pen
30000076,kannapong.roj
30000077,sansanee.jir
30000078,panus.sri
30000079,thitichaya.khu
30000080,kiattisak.taw
30000081,hattaya.tra
30000082,nattapon.jak
30000083,poorin.pic
30000084,pitchawat.wia
30000085,saranya.hir
30000086,khemachart.ben
30000087,sakyawat.see
30000088,supalerk.lao
30000089,jirapat.dua
30000090,piyapat.sur
30000091,pakhawat.saw
30000092,rinrada.pha
30000093,siramol.cha
30000094,thanisorn.car
30000095,kan.thr
30000096,nattira.suk
30000097,pakorn.nua
30000098,kornkamon.mat
30000099,jassada.sir
30000100,phuwamet.por
30000101,yodthong.cha
30000102,montree.tat
30000103,manuschanok.kha
30000104,noppawat.sat
30000105,songgold.sap
30000106,panchanok.kan
30000107,kachawut.sop
30000108,chutikarn.ekw
30000109,chetsada.cho
